2022-06-29,11817.5,11817.5,11817.5,11817.5
2022-06-29,11811.25,11811.25,11811.25,11811.25
2022-06-29 00:01:00,11808.5,11808.5,11808.5,11808.5
2022-06-29 00:01:00,11812.25,11812.25,11812.25,11812.25
2022-06-29 00:02:00,11816.75,11816.75,11816.75,11816.75
2022-06-29 00:02:00,11821.0,11821.0,11821.0,11821.0
2022-06-29 00:03:00,11810.0,11810.0,11810.0,11810.0
2022-06-29 00:03:00,11807.5,11807.5,11807.5,11807.5
2022-06-29 00:04:00,11797.0,11797.0,11797.0,11797.0
2022-06-29 00:04:00,11801.75,11801.75,11801.75,11801.75
2022-06-29 00:05:00,11793.5,11793.5,11793.5,11793.5
2022-06-29 00:05:00,11794.5,11794.5,11794.5,11794.5
2022-06-29 00:06:00,11792.0,11792.0,11792.0,11792.0
2022-06-29 00:06:00,11790.5,11790.5,11790.5,11790.5
2022-06-29 00:07:00,11790.25,11790.25,11790.25,11790.25
2022-06-29 00:07:00,11803.75,11803.75,11803.75,11803.75
2022-06-29 00:08:00,11801.5,11801.5,11801.5,11801.5
2022-06-29 00:08:00,11804.0,11804.0,11804.0,11804.0
2022-06-29 00:09:00,11797.75,11797.75,11797.75,11797.75
2022-06-29 00:09:00,11793.0,11793.0,11793.0,11793.0
2022-06-29 00:10:00,11782.75,11782.75,11782.75,11782.75
2022-06-29 00:10:00,11793.0,11793.0,11793.0,11793.0
2022-06-29 00:11:00,11792.5,11792.5,11792.5,11792.5
2022-06-29 00:11:00,11792.25,11792.25,11792.25,11792.25
2022-06-29 00:12:00,11775.0,11775.0,11775.0,11775.0
2022-06-29 00:12:00,11775.5,11775.5,11775.5,11775.5
2022-06-29 00:13:00,11785.5,11785.5,11785.5,11785.5
2022-06-29 00:13:00,11777.5,11777.5,11777.5,11777.5
2022-06-29 00:14:00,11761.0,11761.0,11761.0,11761.0
2022-06-29 00:14:00,11763.0,11763.0,11763.0,11763.0
2022-06-29 00:15:00,11771.5,11771.5,11771.5,11771.5
2022-06-29 00:15:00,11768.25,11768.25,11768.25,11768.25
2022-06-29 00:16:00,11771.0,11771.0,11771.0,11771.0
2022-06-29 00:16:00,11770.25,11770.25,11770.25,11770.25
2022-06-29 00:17:00,11780.75,11780.75,11780.75,11780.75
2022-06-29 00:17:00,11784.0,11784.0,11784.0,11784.0
2022-06-29 00:18:00,11783.5,11783.5,11783.5,11783.5
2022-06-29 00:18:00,11781.25,11781.25,11781.25,11781.25
2022-06-29 00:19:00,11789.25,11789.25,11789.25,11789.25
2022-06-29 00:19:00,11788.5,11788.5,11788.5,11788.5
2022-06-29 00:20:00,11781.5,11781.5,11781.5,11781.5
2022-06-29 00:20:00,11787.5,11787.5,11787.5,11787.5
2022-06-29 00:21:00,11794.75,11794.75,11794.75,11794.75
2022-06-29 00:21:00,11792.25,11792.25,11792.25,11792.25
2022-06-29 00:22:00,11796.25,11796.25,11796.25,11796.25
2022-06-29 00:22:00,11801.0,11801.0,11801.0,11801.0
2022-06-29 00:23:00,11805.5,11805.5,11805.5,11805.5
2022-06-29 00:23:00,11801.5,11801.5,11801.5,11801.5
2022-06-29 00:24:00,11798.5,11798.5,11798.5,11798.5
2022-06-29 00:24:00,11790.75,11790.75,11790.75,11790.75
2022-06-29 00:25:00,11788.0,11788.0,11788.0,11788.0
2022-06-29 00:25:00,11783.75,11783.75,11783.75,11783.75
2022-06-29 00:26:00,11784.75,11784.75,11784.75,11784.75
2022-06-29 00:26:00,11785.75,11785.75,11785.75,11785.75
2022-06-29 00:27:00,11780.5,11780.5,11780.5,11780.5
2022-06-29 00:27:00,11768.25,11768.25,11768.25,11768.25
2022-06-29 00:28:00,11771.25,11771.25,11771.25,11771.25
2022-06-29 00:28:00,11771.0,11771.0,11771.0,11771.0
2022-06-29 00:29:00,11784.25,11784.25,11784.25,11784.25
2022-06-29 00:29:00,11789.25,11789.25,11789.25,11789.25
2022-06-29 00:30:00,11794.5,11794.5,11794.5,11794.5
2022-06-29 00:30:00,11795.25,11795.25,11795.25,11795.25
2022-06-29 00:31:00,11796.0,11796.0,11796.0,11796.0
2022-06-29 00:31:00,11797.75,11797.75,11797.75,11797.75
2022-06-29 00:32:00,11800.25,11800.25,11800.25,11800.25
2022-06-29 00:32:00,11800.75,11800.75,11800.75,11800.75
2022-06-29 00:33:00,11796.75,11796.75,11796.75,11796.75
2022-06-29 00:33:00,11794.0,11794.0,11794.0,11794.0
2022-06-29 00:34:00,11807.25,11807.25,11807.25,11807.25
2022-06-29 00:34:00,11798.75,11798.75,11798.75,11798.75
2022-06-29 00:35:00,11797.75,11797.75,11797.75,11797.75
2022-06-29 00:35:00,11794.5,11794.5,11794.5,11794.5
2022-06-29 00:36:00,11795.5,11795.5,11795.5,11795.5
2022-06-29 00:36:00,11797.25,11797.25,11797.25,11797.25
2022-06-29 00:37:00,11798.0,11798.0,11798.0,11798.0
2022-06-29 00:37:00,11804.0,11804.0,11804.0,11804.0
2022-06-29 00:38:00,11798.0,11798.0,11798.0,11798.0
2022-06-29 00:38:00,11798.75,11798.75,11798.75,11798.75
2022-06-29 00:39:00,11807.5,11807.5,11807.5,11807.5
2022-06-29 00:39:00,11807.5,11807.5,11807.5,11807.5
2022-06-29 00:40:00,11803.25,11803.25,11803.25,11803.25
2022-06-29 00:40:00,11802.75,11802.75,11802.75,11802.75
2022-06-29 00:41:00,11802.0,11802.0,11802.0,11802.0
2022-06-29 00:41:00,11800.75,11800.75,11800.75,11800.75
2022-06-29 00:42:00,11791.5,11791.5,11791.5,11791.5
2022-06-29 00:42:00,11794.5,11794.5,11794.5,11794.5
2022-06-29 00:43:00,11795.5,11795.5,11795.5,11795.5
2022-06-29 00:43:00,11794.25,11794.25,11794.25,11794.25
2022-06-29 00:44:00,11787.75,11787.75,11787.75,11787.75
2022-06-29 00:44:00,11778.25,11778.25,11778.25,11778.25
2022-06-29 00:45:00,11792.5,11792.5,11792.5,11792.5
2022-06-29 00:45:00,11791.0,11791.0,11791.0,11791.0
2022-06-29 00:46:00,11798.25,11798.25,11798.25,11798.25
2022-06-29 00:46:00,11806.0,11806.0,11806.0,11806.0
2022-06-29 00:47:00,11806.75,11806.75,11806.75,11806.75
2022-06-29 00:47:00,11804.5,11804.5,11804.5,11804.5
2022-06-29 00:48:00,11809.0,11809.0,11809.0,11809.0
2022-06-29 00:48:00,11808.5,11808.5,11808.5,11808.5
2022-06-29 00:49:00,11806.5,11806.5,11806.5,11806.5
2022-06-29 00:49:00,11810.0,11810.0,11810.0,11810.0
2022-06-29 00:50:00,11811.0,11811.0,11811.0,11811.0
2022-06-29 00:50:00,11819.25,11819.25,11819.25,11819.25
2022-06-29 00:51:00,11819.25,11819.25,11819.25,11819.25
2022-06-29 00:51:00,11821.25,11821.25,11821.25,11821.25
2022-06-29 00:52:00,11821.0,11821.0,11821.0,11821.0
2022-06-29 00:52:00,11819.5,11819.5,11819.5,11819.5
2022-06-29 00:53:00,11820.75,11820.75,11820.75,11820.75
2022-06-29 00:53:00,11819.0,11819.0,11819.0,11819.0
2022-06-29 00:54:00,11824.25,11824.25,11824.25,11824.25
2022-06-29 00:54:00,11829.25,11829.25,11829.25,11829.25
2022-06-29 00:55:00,11831.5,11831.5,11831.5,11831.5
2022-06-29 00:55:00,11835.0,11835.0,11835.0,11835.0
2022-06-29 00:56:00,11826.25,11826.25,11826.25,11826.25
2022-06-29 00:56:00,11830.0,11830.0,11830.0,11830.0
2022-06-29 00:57:00,11828.25,11828.25,11828.25,11828.25
2022-06-29 00:57:00,11829.75,11829.75,11829.75,11829.75
2022-06-29 00:58:00,11822.0,11822.0,11822.0,11822.0
2022-06-29 00:58:00,11816.75,11816.75,11816.75,11816.75
2022-06-29 00:59:00,11821.5,11821.5,11821.5,11821.5
2022-06-29 00:59:00,11820.25,11820.25,11820.25,11820.25
2022-06-29 01:00:00,11821.0,11821.0,11821.0,11821.0
2022-06-29 01:00:00,11816.75,11816.75,11816.75,11816.75
2022-06-29 01:01:00,11818.25,11818.25,11818.25,11818.25
2022-06-29 01:01:00,11823.25,11823.25,11823.25,11823.25
2022-06-29 01:02:00,11816.0,11816.0,11816.0,11816.0
2022-06-29 01:02:00,11816.5,11816.5,11816.5,11816.5
2022-06-29 01:03:00,11817.5,11817.5,11817.5,11817.5
2022-06-29 01:03:00,11815.5,11815.5,11815.5,11815.5
2022-06-29 01:04:00,11809.75,11809.75,11809.75,11809.75
2022-06-29 01:04:00,11805.5,11805.5,11805.5,11805.5
2022-06-29 01:05:00,11813.5,11813.5,11813.5,11813.5
2022-06-29 01:05:00,11817.75,11817.75,11817.75,11817.75
2022-06-29 01:06:00,11820.75,11820.75,11820.75,11820.75
2022-06-29 01:06:00,11814.5,11814.5,11814.5,11814.5
2022-06-29 01:07:00,11813.0,11813.0,11813.0,11813.0
2022-06-29 01:07:00,11817.75,11817.75,11817.75,11817.75
2022-06-29 01:08:00,11812.5,11812.5,11812.5,11812.5
2022-06-29 01:08:00,11816.25,11816.25,11816.25,11816.25
2022-06-29 01:09:00,11815.25,11815.25,11815.25,11815.25
2022-06-29 01:09:00,11817.25,11817.25,11817.25,11817.25
2022-06-29 01:10:00,11799.75,11799.75,11799.75,11799.75
2022-06-29 01:10:00,11802.0,11802.0,11802.0,11802.0
2022-06-29 01:11:00,11809.25,11809.25,11809.25,11809.25
2022-06-29 01:11:00,11808.5,11808.5,11808.5,11808.5
2022-06-29 01:12:00,11800.5,11800.5,11800.5,11800.5
2022-06-29 01:12:00,11801.25,11801.25,11801.25,11801.25
2022-06-29 01:13:00,11791.5,11791.5,11791.5,11791.5
2022-06-29 01:13:00,11789.25,11789.25,11789.25,11789.25
2022-06-29 01:14:00,11795.25,11795.25,11795.25,11795.25
2022-06-29 01:14:00,11794.0,11794.0,11794.0,11794.0
2022-06-29 01:15:00,11792.0,11792.0,11792.0,11792.0
2022-06-29 01:15:00,11787.25,11787.25,11787.25,11787.25
2022-06-29 01:16:00,11786.75,11786.75,11786.75,11786.75
2022-06-29 01:16:00,11783.75,11783.75,11783.75,11783.75
2022-06-29 01:17:00,11773.75,11773.75,11773.75,11773.75
2022-06-29 01:17:00,11772.5,11772.5,11772.5,11772.5
2022-06-29 01:18:00,11764.25,11764.25,11764.25,11764.25
2022-06-29 01:18:00,11761.0,11761.0,11761.0,11761.0
2022-06-29 01:19:00,11760.5,11760.5,11760.5,11760.5
2022-06-29 01:19:00,11758.0,11758.0,11758.0,11758.0
2022-06-29 01:20:00,11768.25,11768.25,11768.25,11768.25
2022-06-29 01:20:00,11766.0,11766.0,11766.0,11766.0
2022-06-29 01:21:00,11759.75,11759.75,11759.75,11759.75
2022-06-29 01:21:00,11760.5,11760.5,11760.5,11760.5
2022-06-29 01:22:00,11757.5,11757.5,11757.5,11757.5
2022-06-29 01:22:00,11755.25,11755.25,11755.25,11755.25
2022-06-29 01:23:00,11765.75,11765.75,11765.75,11765.75
2022-06-29 01:23:00,11765.0,11765.0,11765.0,11765.0
2022-06-29 01:24:00,11758.25,11758.25,11758.25,11758.25
2022-06-29 01:24:00,11755.75,11755.75,11755.75,11755.75
2022-06-29 01:25:00,11764.0,11764.0,11764.0,11764.0
2022-06-29 01:25:00,11763.75,11763.75,11763.75,11763.75
2022-06-29 01:26:00,11762.0,11762.0,11762.0,11762.0
2022-06-29 01:26:00,11760.25,11760.25,11760.25,11760.25
2022-06-29 01:27:00,11765.25,11765.25,11765.25,11765.25
2022-06-29 01:27:00,11766.75,11766.75,11766.75,11766.75
2022-06-29 01:28:00,11766.5,11766.5,11766.5,11766.5
2022-06-29 01:28:00,11760.25,11760.25,11760.25,11760.25
2022-06-29 01:29:00,11755.25,11755.25,11755.25,11755.25
2022-06-29 01:29:00,11757.5,11757.5,11757.5,11757.5
2022-06-29 01:30:00,11758.75,11758.75,11758.75,11758.75
2022-06-29 01:30:00,11757.5,11757.5,11757.5,11757.5
2022-06-29 01:31:00,11747.5,11747.5,11747.5,11747.5
2022-06-29 01:31:00,11743.75,11743.75,11743.75,11743.75
2022-06-29 01:32:00,11743.75,11743.75,11743.75,11743.75
2022-06-29 01:32:00,11746.25,11746.25,11746.25,11746.25
2022-06-29 01:33:00,11754.75,11754.75,11754.75,11754.75
2022-06-29 01:33:00,11757.25,11757.25,11757.25,11757.25
2022-06-29 01:34:00,11758.75,11758.75,11758.75,11758.75
2022-06-29 01:34:00,11764.0,11764.0,11764.0,11764.0
2022-06-29 01:35:00,11755.5,11755.5,11755.5,11755.5
2022-06-29 01:35:00,11750.5,11750.5,11750.5,11750.5
2022-06-29 01:36:00,11759.25,11759.25,11759.25,11759.25
2022-06-29 01:36:00,11764.0,11764.0,11764.0,11764.0
2022-06-29 01:37:00,11766.25,11766.25,11766.25,11766.25
2022-06-29 01:37:00,11764.25,11764.25,11764.25,11764.25
2022-06-29 01:38:00,11765.0,11765.0,11765.0,11765.0
2022-06-29 01:38:00,11766.25,11766.25,11766.25,11766.25
2022-06-29 01:39:00,11776.25,11776.25,11776.25,11776.25
2022-06-29 01:39:00,11779.0,11779.0,11779.0,11779.0
2022-06-29 01:40:00,11774.25,11774.25,11774.25,11774.25
2022-06-29 01:40:00,11780.0,11780.0,11780.0,11780.0
2022-06-29 01:41:00,11771.5,11771.5,11771.5,11771.5
2022-06-29 01:41:00,11771.25,11771.25,11771.25,11771.25
2022-06-29 01:42:00,11768.0,11768.0,11768.0,11768.0
2022-06-29 01:42:00,11765.5,11765.5,11765.5,11765.5
2022-06-29 01:43:00,11770.5,11770.5,11770.5,11770.5
2022-06-29 01:43:00,11767.5,11767.5,11767.5,11767.5
2022-06-29 01:44:00,11764.0,11764.0,11764.0,11764.0
2022-06-29 01:44:00,11764.5,11764.5,11764.5,11764.5
2022-06-29 01:45:00,11761.5,11761.5,11761.5,11761.5
2022-06-29 01:45:00,11762.25,11762.25,11762.25,11762.25
2022-06-29 01:46:00,11755.0,11755.0,11755.0,11755.0
2022-06-29 01:46:00,11753.25,11753.25,11753.25,11753.25
2022-06-29 01:47:00,11760.25,11760.25,11760.25,11760.25
2022-06-29 01:47:00,11761.5,11761.5,11761.5,11761.5
2022-06-29 01:48:00,11755.0,11755.0,11755.0,11755.0
2022-06-29 01:48:00,11750.0,11750.0,11750.0,11750.0
2022-06-29 01:49:00,11751.25,11751.25,11751.25,11751.25
2022-06-29 01:49:00,11757.25,11757.25,11757.25,11757.25
2022-06-29 01:50:00,11757.5,11757.5,11757.5,11757.5
2022-06-29 01:50:00,11755.5,11755.5,11755.5,11755.5
2022-06-29 01:51:00,11761.0,11761.0,11761.0,11761.0
2022-06-29 01:51:00,11767.5,11767.5,11767.5,11767.5
2022-06-29 01:52:00,11765.75,11765.75,11765.75,11765.75
2022-06-29 01:52:00,11767.0,11767.0,11767.0,11767.0
2022-06-29 01:53:00,11762.5,11762.5,11762.5,11762.5
2022-06-29 01:53:00,11766.0,11766.0,11766.0,11766.0
2022-06-29 01:54:00,11765.75,11765.75,11765.75,11765.75
2022-06-29 01:54:00,11759.25,11759.25,11759.25,11759.25
2022-06-29 01:55:00,11761.5,11761.5,11761.5,11761.5
2022-06-29 01:55:00,11762.25,11762.25,11762.25,11762.25
2022-06-29 01:56:00,11760.0,11760.0,11760.0,11760.0
2022-06-29 01:56:00,11760.0,11760.0,11760.0,11760.0
2022-06-29 01:57:00,11769.0,11769.0,11769.0,11769.0
2022-06-29 01:57:00,11759.0,11759.0,11759.0,11759.0
2022-06-29 01:58:00,11768.25,11768.25,11768.25,11768.25
2022-06-29 01:58:00,11765.75,11765.75,11765.75,11765.75
2022-06-29 01:59:00,11767.25,11767.25,11767.25,11767.25
2022-06-29 02:00:00,11767.5,11767.5,11767.5,11767.5
2022-06-29 02:00:00,11772.25,11772.25,11772.25,11772.25
2022-06-29 02:01:00,11770.25,11770.25,11770.25,11770.25
2022-06-29 02:01:00,11774.0,11774.0,11774.0,11774.0
2022-06-29 02:02:00,11770.5,11770.5,11770.5,11770.5
2022-06-29 02:02:00,11770.25,11770.25,11770.25,11770.25
2022-06-29 02:03:00,11764.75,11764.75,11764.75,11764.75
2022-06-29 02:03:00,11761.5,11761.5,11761.5,11761.5
2022-06-29 02:04:00,11759.25,11759.25,11759.25,11759.25
2022-06-29 02:04:00,11759.5,11759.5,11759.5,11759.5
2022-06-29 02:05:00,11766.5,11766.5,11766.5,11766.5
2022-06-29 02:05:00,11760.0,11760.0,11760.0,11760.0
2022-06-29 02:06:00,11760.25,11760.25,11760.25,11760.25
2022-06-29 02:06:00,11763.75,11763.75,11763.75,11763.75
2022-06-29 02:07:00,11765.0,11765.0,11765.0,11765.0
2022-06-29 02:07:00,11765.5,11765.5,11765.5,11765.5
2022-06-29 02:08:00,11762.0,11762.0,11762.0,11762.0
2022-06-29 02:08:00,11759.5,11759.5,11759.5,11759.5
2022-06-29 02:09:00,11757.0,11757.0,11757.0,11757.0
2022-06-29 02:09:00,11757.25,11757.25,11757.25,11757.25
2022-06-29 02:10:00,11756.0,11756.0,11756.0,11756.0
2022-06-29 02:10:00,11766.5,11766.5,11766.5,11766.5
2022-06-29 02:11:00,11772.0,11772.0,11772.0,11772.0
2022-06-29 02:11:00,11777.0,11777.0,11777.0,11777.0
2022-06-29 02:12:00,11772.0,11772.0,11772.0,11772.0
2022-06-29 02:12:00,11769.0,11769.0,11769.0,11769.0
2022-06-29 02:13:00,11763.25,11763.25,11763.25,11763.25
2022-06-29 02:13:00,11762.75,11762.75,11762.75,11762.75
2022-06-29 02:14:00,11758.75,11758.75,11758.75,11758.75
2022-06-29 02:14:00,11756.5,11756.5,11756.5,11756.5
2022-06-29 02:15:00,11757.0,11757.0,11757.0,11757.0
2022-06-29 02:15:00,11752.0,11752.0,11752.0,11752.0
2022-06-29 02:16:00,11752.75,11752.75,11752.75,11752.75
2022-06-29 02:16:00,11752.5,11752.5,11752.5,11752.5
2022-06-29 02:17:00,11749.0,11749.0,11749.0,11749.0
2022-06-29 02:17:00,11746.25,11746.25,11746.25,11746.25
2022-06-29 02:18:00,11748.0,11748.0,11748.0,11748.0
2022-06-29 02:18:00,11746.0,11746.0,11746.0,11746.0
2022-06-29 02:19:00,11741.75,11741.75,11741.75,11741.75
2022-06-29 02:19:00,11744.0,11744.0,11744.0,11744.0
2022-06-29 02:20:00,11738.5,11738.5,11738.5,11738.5
2022-06-29 02:20:00,11739.25,11739.25,11739.25,11739.25
2022-06-29 02:21:00,11746.25,11746.25,11746.25,11746.25
2022-06-29 02:21:00,11744.75,11744.75,11744.75,11744.75
2022-06-29 02:22:00,11742.75,11742.75,11742.75,11742.75
2022-06-29 02:22:00,11741.5,11741.5,11741.5,11741.5
2022-06-29 02:23:00,11731.5,11731.5,11731.5,11731.5
2022-06-29 02:23:00,11726.5,11726.5,11726.5,11726.5
2022-06-29 02:24:00,11727.25,11727.25,11727.25,11727.25
2022-06-29 02:24:00,11728.0,11728.0,11728.0,11728.0
2022-06-29 02:25:00,11726.5,11726.5,11726.5,11726.5
2022-06-29 02:25:00,11723.0,11723.0,11723.0,11723.0
2022-06-29 02:26:00,11723.25,11723.25,11723.25,11723.25
2022-06-29 02:26:00,11724.75,11724.75,11724.75,11724.75
2022-06-29 02:27:00,11733.75,11733.75,11733.75,11733.75
2022-06-29 02:27:00,11728.25,11728.25,11728.25,11728.25
2022-06-29 02:28:00,11725.0,11725.0,11725.0,11725.0
2022-06-29 02:28:00,11723.75,11723.75,11723.75,11723.75
2022-06-29 02:29:00,11720.5,11720.5,11720.5,11720.5
2022-06-29 02:29:00,11721.25,11721.25,11721.25,11721.25
2022-06-29 02:30:00,11724.0,11724.0,11724.0,11724.0
2022-06-29 02:30:00,11724.0,11724.0,11724.0,11724.0
2022-06-29 02:31:00,11725.5,11725.5,11725.5,11725.5
2022-06-29 02:31:00,11725.75,11725.75,11725.75,11725.75
2022-06-29 02:32:00,11723.5,11723.5,11723.5,11723.5
2022-06-29 02:32:00,11722.75,11722.75,11722.75,11722.75
2022-06-29 02:33:00,11723.0,11723.0,11723.0,11723.0
2022-06-29 02:33:00,11721.25,11721.25,11721.25,11721.25
2022-06-29 02:34:00,11724.75,11724.75,11724.75,11724.75
2022-06-29 02:34:00,11722.25,11722.25,11722.25,11722.25
2022-06-29 02:35:00,11724.5,11724.5,11724.5,11724.5
2022-06-29 02:35:00,11725.5,11725.5,11725.5,11725.5
2022-06-29 02:36:00,11727.5,11727.5,11727.5,11727.5
2022-06-29 02:36:00,11723.75,11723.75,11723.75,11723.75
2022-06-29 02:37:00,11723.25,11723.25,11723.25,11723.25
2022-06-29 02:37:00,11727.5,11727.5,11727.5,11727.5
2022-06-29 02:38:00,11727.25,11727.25,11727.25,11727.25
2022-06-29 02:38:00,11728.5,11728.5,11728.5,11728.5
2022-06-29 02:39:00,11729.5,11729.5,11729.5,11729.5
2022-06-29 02:39:00,11731.75,11731.75,11731.75,11731.75
2022-06-29 02:40:00,11722.0,11722.0,11722.0,11722.0
2022-06-29 02:40:00,11720.25,11720.25,11720.25,11720.25
2022-06-29 02:41:00,11723.5,11723.5,11723.5,11723.5
2022-06-29 02:41:00,11718.0,11718.0,11718.0,11718.0
2022-06-29 02:42:00,11714.25,11714.25,11714.25,11714.25
2022-06-29 02:42:00,11718.0,11718.0,11718.0,11718.0
2022-06-29 02:43:00,11717.5,11717.5,11717.5,11717.5
2022-06-29 02:43:00,11718.5,11718.5,11718.5,11718.5
2022-06-29 02:44:00,11709.25,11709.25,11709.25,11709.25
2022-06-29 02:44:00,11708.0,11708.0,11708.0,11708.0
2022-06-29 02:45:00,11704.5,11704.5,11704.5,11704.5
2022-06-29 02:45:00,11700.75,11700.75,11700.75,11700.75
2022-06-29 02:46:00,11704.25,11704.25,11704.25,11704.25
2022-06-29 02:46:00,11702.25,11702.25,11702.25,11702.25
2022-06-29 02:47:00,11704.75,11704.75,11704.75,11704.75
2022-06-29 02:47:00,11707.75,11707.75,11707.75,11707.75
2022-06-29 02:48:00,11707.0,11707.0,11707.0,11707.0
2022-06-29 02:48:00,11705.75,11705.75,11705.75,11705.75
2022-06-29 02:49:00,11697.0,11697.0,11697.0,11697.0
2022-06-29 02:49:00,11699.75,11699.75,11699.75,11699.75
2022-06-29 02:50:00,11701.0,11701.0,11701.0,11701.0
2022-06-29 02:50:00,11697.5,11697.5,11697.5,11697.5
2022-06-29 02:51:00,11693.75,11693.75,11693.75,11693.75
2022-06-29 02:51:00,11693.75,11693.75,11693.75,11693.75
2022-06-29 02:52:00,11690.75,11690.75,11690.75,11690.75
2022-06-29 02:52:00,11690.75,11690.75,11690.75,11690.75
2022-06-29 02:53:00,11696.25,11696.25,11696.25,11696.25
2022-06-29 02:53:00,11699.75,11699.75,11699.75,11699.75
2022-06-29 02:54:00,11703.5,11703.5,11703.5,11703.5
2022-06-29 02:54:00,11705.0,11705.0,11705.0,11705.0
2022-06-29 02:55:00,11702.5,11702.5,11702.5,11702.5
2022-06-29 02:55:00,11707.5,11707.5,11707.5,11707.5
2022-06-29 02:56:00,11711.25,11711.25,11711.25,11711.25
2022-06-29 02:56:00,11712.5,11712.5,11712.5,11712.5
2022-06-29 02:57:00,11715.0,11715.0,11715.0,11715.0
2022-06-29 02:57:00,11719.25,11719.25,11719.25,11719.25
2022-06-29 02:58:00,11721.0,11721.0,11721.0,11721.0
2022-06-29 02:58:00,11726.0,11726.0,11726.0,11726.0
2022-06-29 02:59:00,11732.75,11732.75,11732.75,11732.75
2022-06-29 02:59:00,11731.75,11731.75,11731.75,11731.75
2022-06-29 03:00:00,11729.25,11729.25,11729.25,11729.25
2022-06-29 03:00:00,11723.25,11723.25,11723.25,11723.25
2022-06-29 03:01:00,11724.0,11724.0,11724.0,11724.0
2022-06-29 03:01:00,11723.75,11723.75,11723.75,11723.75
2022-06-29 03:02:00,11719.75,11719.75,11719.75,11719.75
2022-06-29 03:02:00,11723.25,11723.25,11723.25,11723.25
2022-06-29 03:03:00,11725.25,11725.25,11725.25,11725.25
2022-06-29 03:03:00,11727.25,11727.25,11727.25,11727.25
2022-06-29 03:04:00,11725.75,11725.75,11725.75,11725.75
2022-06-29 03:04:00,11724.75,11724.75,11724.75,11724.75
2022-06-29 03:05:00,11729.0,11729.0,11729.0,11729.0
2022-06-29 03:05:00,11721.5,11721.5,11721.5,11721.5
2022-06-29 03:06:00,11717.0,11717.0,11717.0,11717.0
2022-06-29 03:06:00,11715.75,11715.75,11715.75,11715.75
2022-06-29 03:07:00,11722.5,11722.5,11722.5,11722.5
2022-06-29 03:07:00,11719.75,11719.75,11719.75,11719.75
2022-06-29 03:08:00,11716.75,11716.75,11716.75,11716.75
2022-06-29 03:08:00,11718.0,11718.0,11718.0,11718.0
2022-06-29 03:09:00,11717.0,11717.0,11717.0,11717.0
2022-06-29 03:09:00,11716.75,11716.75,11716.75,11716.75
2022-06-29 03:10:00,11722.25,11722.25,11722.25,11722.25
2022-06-29 03:10:00,11723.5,11723.5,11723.5,11723.5
2022-06-29 03:11:00,11718.0,11718.0,11718.0,11718.0
2022-06-29 03:11:00,11723.0,11723.0,11723.0,11723.0
2022-06-29 03:12:00,11717.25,11717.25,11717.25,11717.25
2022-06-29 03:12:00,11716.25,11716.25,11716.25,11716.25
2022-06-29 03:13:00,11701.5,11701.5,11701.5,11701.5
2022-06-29 03:13:00,11698.75,11698.75,11698.75,11698.75
2022-06-29 03:14:00,11695.25,11695.25,11695.25,11695.25
2022-06-29 03:14:00,11695.25,11695.25,11695.25,11695.25
2022-06-29 03:15:00,11697.5,11697.5,11697.5,11697.5
2022-06-29 03:15:00,11686.75,11686.75,11686.75,11686.75
2022-06-29 03:16:00,11688.0,11688.0,11688.0,11688.0
2022-06-29 03:16:00,11686.25,11686.25,11686.25,11686.25
2022-06-29 03:17:00,11682.75,11682.75,11682.75,11682.75
2022-06-29 03:17:00,11680.0,11680.0,11680.0,11680.0
2022-06-29 03:18:00,11683.0,11683.0,11683.0,11683.0
2022-06-29 03:18:00,11682.5,11682.5,11682.5,11682.5
2022-06-29 03:19:00,11687.0,11687.0,11687.0,11687.0
2022-06-29 03:19:00,11689.75,11689.75,11689.75,11689.75
2022-06-29 03:20:00,11696.0,11696.0,11696.0,11696.0
2022-06-29 03:20:00,11694.0,11694.0,11694.0,11694.0
2022-06-29 03:21:00,11686.0,11686.0,11686.0,11686.0
2022-06-29 03:21:00,11684.25,11684.25,11684.25,11684.25
2022-06-29 03:22:00,11686.75,11686.75,11686.75,11686.75
2022-06-29 03:22:00,11685.75,11685.75,11685.75,11685.75
2022-06-29 03:23:00,11680.0,11680.0,11680.0,11680.0
2022-06-29 03:23:00,11682.0,11682.0,11682.0,11682.0
2022-06-29 03:24:00,11684.5,11684.5,11684.5,11684.5
2022-06-29 03:24:00,11691.0,11691.0,11691.0,11691.0
2022-06-29 03:25:00,11688.0,11688.0,11688.0,11688.0
2022-06-29 03:25:00,11684.0,11684.0,11684.0,11684.0
2022-06-29 03:26:00,11692.75,11692.75,11692.75,11692.75
2022-06-29 03:26:00,11694.5,11694.5,11694.5,11694.5
2022-06-29 03:27:00,11692.5,11692.5,11692.5,11692.5
2022-06-29 03:27:00,11694.25,11694.25,11694.25,11694.25
2022-06-29 03:28:00,11697.25,11697.25,11697.25,11697.25
2022-06-29 03:28:00,11700.5,11700.5,11700.5,11700.5
2022-06-29 03:29:00,11703.75,11703.75,11703.75,11703.75
2022-06-29 03:29:00,11703.75,11703.75,11703.75,11703.75
2022-06-29 03:30:00,11697.25,11697.25,11697.25,11697.25
2022-06-29 03:30:00,11694.5,11694.5,11694.5,11694.5
2022-06-29 03:31:00,11697.25,11697.25,11697.25,11697.25
2022-06-29 03:31:00,11698.75,11698.75,11698.75,11698.75
2022-06-29 03:32:00,11701.5,11701.5,11701.5,11701.5
2022-06-29 03:32:00,11703.0,11703.0,11703.0,11703.0
2022-06-29 03:33:00,11712.0,11712.0,11712.0,11712.0
2022-06-29 03:33:00,11712.75,11712.75,11712.75,11712.75
2022-06-29 03:34:00,11718.25,11718.25,11718.25,11718.25
2022-06-29 03:34:00,11716.5,11716.5,11716.5,11716.5
2022-06-29 03:35:00,11710.25,11710.25,11710.25,11710.25
2022-06-29 03:35:00,11709.25,11709.25,11709.25,11709.25
2022-06-29 03:36:00,11719.25,11719.25,11719.25,11719.25
2022-06-29 03:36:00,11712.25,11712.25,11712.25,11712.25
2022-06-29 03:37:00,11703.0,11703.0,11703.0,11703.0
2022-06-29 03:37:00,11696.75,11696.75,11696.75,11696.75
2022-06-29 03:38:00,11702.0,11702.0,11702.0,11702.0
2022-06-29 03:38:00,11709.25,11709.25,11709.25,11709.25
2022-06-29 03:39:00,11706.75,11706.75,11706.75,11706.75
2022-06-29 03:39:00,11711.25,11711.25,11711.25,11711.25
2022-06-29 03:40:00,11711.5,11711.5,11711.5,11711.5
2022-06-29 03:40:00,11712.75,11712.75,11712.75,11712.75
2022-06-29 03:41:00,11709.25,11709.25,11709.25,11709.25
2022-06-29 03:41:00,11713.25,11713.25,11713.25,11713.25
2022-06-29 03:42:00,11712.75,11712.75,11712.75,11712.75
2022-06-29 03:42:00,11716.5,11716.5,11716.5,11716.5
2022-06-29 03:43:00,11709.5,11709.5,11709.5,11709.5
2022-06-29 03:43:00,11703.0,11703.0,11703.0,11703.0
2022-06-29 03:44:00,11708.25,11708.25,11708.25,11708.25
2022-06-29 03:44:00,11705.0,11705.0,11705.0,11705.0
2022-06-29 03:45:00,11705.0,11705.0,11705.0,11705.0
2022-06-29 03:45:00,11708.75,11708.75,11708.75,11708.75
2022-06-29 03:46:00,11708.5,11708.5,11708.5,11708.5
2022-06-29 03:46:00,11703.5,11703.5,11703.5,11703.5
2022-06-29 03:47:00,11696.0,11696.0,11696.0,11696.0
2022-06-29 03:47:00,11701.5,11701.5,11701.5,11701.5
2022-06-29 03:48:00,11699.5,11699.5,11699.5,11699.5
2022-06-29 03:48:00,11695.75,11695.75,11695.75,11695.75
2022-06-29 03:49:00,11706.25,11706.25,11706.25,11706.25
2022-06-29 03:49:00,11706.25,11706.25,11706.25,11706.25
2022-06-29 03:50:00,11712.25,11712.25,11712.25,11712.25
2022-06-29 03:50:00,11702.75,11702.75,11702.75,11702.75
2022-06-29 03:51:00,11701.0,11701.0,11701.0,11701.0
2022-06-29 03:51:00,11703.0,11703.0,11703.0,11703.0
2022-06-29 03:52:00,11706.5,11706.5,11706.5,11706.5
2022-06-29 03:52:00,11699.5,11699.5,11699.5,11699.5
2022-06-29 03:53:00,11705.0,11705.0,11705.0,11705.0
2022-06-29 03:53:00,11698.25,11698.25,11698.25,11698.25
2022-06-29 03:54:00,11685.0,11685.0,11685.0,11685.0
2022-06-29 03:54:00,11691.25,11691.25,11691.25,11691.25
2022-06-29 03:55:00,11688.0,11688.0,11688.0,11688.0
2022-06-29 03:55:00,11693.5,11693.5,11693.5,11693.5
2022-06-29 03:56:00,11688.5,11688.5,11688.5,11688.5
2022-06-29 03:56:00,11688.75,11688.75,11688.75,11688.75
2022-06-29 03:57:00,11685.75,11685.75,11685.75,11685.75
2022-06-29 03:57:00,11680.25,11680.25,11680.25,11680.25
2022-06-29 03:58:00,11681.5,11681.5,11681.5,11681.5
2022-06-29 03:59:00,11683.25,11683.25,11683.25,11683.25
2022-06-29 03:59:00,11686.25,11686.25,11686.25,11686.25
2022-06-29 04:00:00,11686.75,11686.75,11686.75,11686.75
2022-06-29 04:00:00,11680.0,11680.0,11680.0,11680.0
2022-06-29 04:01:00,11676.25,11676.25,11676.25,11676.25
2022-06-29 04:01:00,11681.25,11681.25,11681.25,11681.25
2022-06-29 04:02:00,11681.0,11681.0,11681.0,11681.0
2022-06-29 04:02:00,11676.5,11676.5,11676.5,11676.5
2022-06-29 04:03:00,11683.25,11683.25,11683.25,11683.25
2022-06-29 04:03:00,11689.0,11689.0,11689.0,11689.0
2022-06-29 04:04:00,11695.0,11695.0,11695.0,11695.0
2022-06-29 04:04:00,11698.25,11698.25,11698.25,11698.25
2022-06-29 04:05:00,11686.5,11686.5,11686.5,11686.5
2022-06-29 04:05:00,11684.25,11684.25,11684.25,11684.25
2022-06-29 04:06:00,11677.0,11677.0,11677.0,11677.0
2022-06-29 04:06:00,11672.75,11672.75,11672.75,11672.75
2022-06-29 04:07:00,11673.75,11673.75,11673.75,11673.75
2022-06-29 04:07:00,11673.0,11673.0,11673.0,11673.0
2022-06-29 04:08:00,11676.5,11676.5,11676.5,11676.5
2022-06-29 04:08:00,11678.25,11678.25,11678.25,11678.25
2022-06-29 04:09:00,11669.75,11669.75,11669.75,11669.75
2022-06-29 04:09:00,11678.25,11678.25,11678.25,11678.25
2022-06-29 04:10:00,11681.25,11681.25,11681.25,11681.25
2022-06-29 04:10:00,11679.25,11679.25,11679.25,11679.25
2022-06-29 04:11:00,11667.5,11667.5,11667.5,11667.5
2022-06-29 04:11:00,11666.5,11666.5,11666.5,11666.5
2022-06-29 04:12:00,11662.25,11662.25,11662.25,11662.25
2022-06-29 04:12:00,11664.75,11664.75,11664.75,11664.75
2022-06-29 04:13:00,11667.5,11667.5,11667.5,11667.5
2022-06-29 04:13:00,11665.75,11665.75,11665.75,11665.75
2022-06-29 04:14:00,11668.0,11668.0,11668.0,11668.0
2022-06-29 04:14:00,11668.5,11668.5,11668.5,11668.5
2022-06-29 04:15:00,11667.0,11667.0,11667.0,11667.0
2022-06-29 04:15:00,11671.0,11671.0,11671.0,11671.0
2022-06-29 04:16:00,11666.25,11666.25,11666.25,11666.25
2022-06-29 04:16:00,11666.25,11666.25,11666.25,11666.25
2022-06-29 04:17:00,11667.0,11667.0,11667.0,11667.0
2022-06-29 04:17:00,11669.5,11669.5,11669.5,11669.5
2022-06-29 04:18:00,11670.0,11670.0,11670.0,11670.0
2022-06-29 04:18:00,11668.25,11668.25,11668.25,11668.25
2022-06-29 04:19:00,11672.25,11672.25,11672.25,11672.25
2022-06-29 04:19:00,11669.5,11669.5,11669.5,11669.5
2022-06-29 04:20:00,11673.0,11673.0,11673.0,11673.0
2022-06-29 04:20:00,11672.75,11672.75,11672.75,11672.75
2022-06-29 04:21:00,11675.25,11675.25,11675.25,11675.25
2022-06-29 04:21:00,11677.75,11677.75,11677.75,11677.75
2022-06-29 04:22:00,11675.5,11675.5,11675.5,11675.5
2022-06-29 04:23:00,11678.25,11678.25,11678.25,11678.25
2022-06-29 04:23:00,11677.5,11677.5,11677.5,11677.5
2022-06-29 04:24:00,11677.25,11677.25,11677.25,11677.25
2022-06-29 04:24:00,11674.75,11674.75,11674.75,11674.75
2022-06-29 04:25:00,11677.5,11677.5,11677.5,11677.5
2022-06-29 04:25:00,11677.75,11677.75,11677.75,11677.75
2022-06-29 04:26:00,11670.25,11670.25,11670.25,11670.25
2022-06-29 04:26:00,11672.0,11672.0,11672.0,11672.0
2022-06-29 04:27:00,11672.0,11672.0,11672.0,11672.0
2022-06-29 04:27:00,11673.5,11673.5,11673.5,11673.5
2022-06-29 04:28:00,11673.25,11673.25,11673.25,11673.25
2022-06-29 04:28:00,11674.0,11674.0,11674.0,11674.0
2022-06-29 04:29:00,11674.25,11674.25,11674.25,11674.25
2022-06-29 04:29:00,11675.75,11675.75,11675.75,11675.75
2022-06-29 04:30:00,11678.0,11678.0,11678.0,11678.0
2022-06-29 04:30:00,11677.75,11677.75,11677.75,11677.75
2022-06-29 04:31:00,11679.0,11679.0,11679.0,11679.0
2022-06-29 04:31:00,11679.25,11679.25,11679.25,11679.25
2022-06-29 04:32:00,11679.0,11679.0,11679.0,11679.0
2022-06-29 04:32:00,11681.75,11681.75,11681.75,11681.75
2022-06-29 04:33:00,11680.5,11680.5,11680.5,11680.5
2022-06-29 04:33:00,11683.0,11683.0,11683.0,11683.0
2022-06-29 04:34:00,11683.5,11683.5,11683.5,11683.5
2022-06-29 04:34:00,11683.25,11683.25,11683.25,11683.25
2022-06-29 04:35:00,11682.0,11682.0,11682.0,11682.0
2022-06-29 04:35:00,11682.0,11682.0,11682.0,11682.0
2022-06-29 04:36:00,11681.5,11681.5,11681.5,11681.5
2022-06-29 04:36:00,11682.25,11682.25,11682.25,11682.25
2022-06-29 04:37:00,11679.75,11679.75,11679.75,11679.75
2022-06-29 04:37:00,11680.25,11680.25,11680.25,11680.25
2022-06-29 04:38:00,11679.5,11679.5,11679.5,11679.5
2022-06-29 04:38:00,11678.25,11678.25,11678.25,11678.25
2022-06-29 04:39:00,11681.25,11681.25,11681.25,11681.25
2022-06-29 04:39:00,11682.25,11682.25,11682.25,11682.25
2022-06-29 04:40:00,11683.5,11683.5,11683.5,11683.5
2022-06-29 04:40:00,11682.5,11682.5,11682.5,11682.5
2022-06-29 04:41:00,11681.25,11681.25,11681.25,11681.25
2022-06-29 04:41:00,11679.75,11679.75,11679.75,11679.75
2022-06-29 04:42:00,11680.0,11680.0,11680.0,11680.0
2022-06-29 04:42:00,11680.75,11680.75,11680.75,11680.75
2022-06-29 04:43:00,11681.0,11681.0,11681.0,11681.0
2022-06-29 04:43:00,11678.75,11678.75,11678.75,11678.75
2022-06-29 04:44:00,11679.25,11679.25,11679.25,11679.25
2022-06-29 04:44:00,11680.5,11680.5,11680.5,11680.5
2022-06-29 04:45:00,11679.25,11679.25,11679.25,11679.25
2022-06-29 04:45:00,11679.75,11679.75,11679.75,11679.75
2022-06-29 04:46:00,11680.25,11680.25,11680.25,11680.25
2022-06-29 04:46:00,11679.5,11679.5,11679.5,11679.5
2022-06-29 04:47:00,11681.0,11681.0,11681.0,11681.0
2022-06-29 04:47:00,11681.75,11681.75,11681.75,11681.75
2022-06-29 04:48:00,11682.25,11682.25,11682.25,11682.25
2022-06-29 04:48:00,11682.0,11682.0,11682.0,11682.0
2022-06-29 04:49:00,11682.5,11682.5,11682.5,11682.5
2022-06-29 04:49:00,11682.0,11682.0,11682.0,11682.0
2022-06-29 04:50:00,11681.75,11681.75,11681.75,11681.75
2022-06-29 04:50:00,11681.25,11681.25,11681.25,11681.25
2022-06-29 04:51:00,11682.5,11682.5,11682.5,11682.5
2022-06-29 04:51:00,11681.0,11681.0,11681.0,11681.0
2022-06-29 04:52:00,11680.0,11680.0,11680.0,11680.0
2022-06-29 04:52:00,11680.25,11680.25,11680.25,11680.25
2022-06-29 04:53:00,11680.0,11680.0,11680.0,11680.0
2022-06-29 04:53:00,11679.5,11679.5,11679.5,11679.5
2022-06-29 04:54:00,11680.75,11680.75,11680.75,11680.75
2022-06-29 04:54:00,11681.0,11681.0,11681.0,11681.0
2022-06-29 04:55:00,11681.0,11681.0,11681.0,11681.0
2022-06-29 04:55:00,11679.25,11679.25,11679.25,11679.25
2022-06-29 04:56:00,11679.25,11679.25,11679.25,11679.25
2022-06-29 04:56:00,11678.5,11678.5,11678.5,11678.5
2022-06-29 04:57:00,11678.5,11678.5,11678.5,11678.5
2022-06-29 04:57:00,11678.25,11678.25,11678.25,11678.25
2022-06-29 04:58:00,11671.0,11671.0,11671.0,11671.0
2022-06-29 04:58:00,11669.25,11669.25,11669.25,11669.25
2022-06-29 04:59:00,11673.25,11673.25,11673.25,11673.25
2022-06-29 04:59:00,11674.5,11674.5,11674.5,11674.5
2022-06-29 05:00:00,11671.75,11671.75,11671.75,11671.75
2022-06-29 05:00:00,11672.5,11672.5,11672.5,11672.5
2022-06-29 05:01:00,11673.0,11673.0,11673.0,11673.0
2022-06-29 05:01:00,11673.75,11673.75,11673.75,11673.75
2022-06-29 05:02:00,11673.0,11673.0,11673.0,11673.0
2022-06-29 05:02:00,11672.5,11672.5,11672.5,11672.5
2022-06-29 05:03:00,11672.25,11672.25,11672.25,11672.25
2022-06-29 05:03:00,11673.75,11673.75,11673.75,11673.75
2022-06-29 05:04:00,11673.75,11673.75,11673.75,11673.75
2022-06-29 05:04:00,11677.0,11677.0,11677.0,11677.0
2022-06-29 05:05:00,11677.0,11677.0,11677.0,11677.0
2022-06-29 05:05:00,11678.0,11678.0,11678.0,11678.0
2022-06-29 05:06:00,11679.75,11679.75,11679.75,11679.75
2022-06-29 05:06:00,11679.75,11679.75,11679.75,11679.75
2022-06-29 05:07:00,11679.25,11679.25,11679.25,11679.25
2022-06-29 05:07:00,11678.75,11678.75,11678.75,11678.75
2022-06-29 05:08:00,11681.5,11681.5,11681.5,11681.5
2022-06-29 05:08:00,11681.75,11681.75,11681.75,11681.75
2022-06-29 05:09:00,11682.25,11682.25,11682.25,11682.25
2022-06-29 05:09:00,11683.5,11683.5,11683.5,11683.5
2022-06-29 05:10:00,11680.5,11680.5,11680.5,11680.5
2022-06-29 05:10:00,11680.5,11680.5,11680.5,11680.5
2022-06-29 05:11:00,11680.5,11680.5,11680.5,11680.5
2022-06-29 05:11:00,11680.5,11680.5,11680.5,11680.5
2022-06-29 05:12:00,11680.5,11680.5,11680.5,11680.5
2022-06-29 05:12:00,11680.5,11680.5,11680.5,11680.5
2022-06-29 05:13:00,11680.5,11680.5,11680.5,11680.5
2022-06-29 05:13:00,11680.5,11680.5,11680.5,11680.5
2022-06-29 05:14:00,11680.5,11680.5,11680.5,11680.5
2022-06-29 05:14:00,11680.5,11680.5,11680.5,11680.5
2022-06-29 05:15:00,11680.5,11680.5,11680.5,11680.5
2022-06-29 05:15:00,11680.5,11680.5,11680.5,11680.5
2022-06-29 05:16:00,11680.5,11680.5,11680.5,11680.5
2022-06-29 05:16:00,11680.5,11680.5,11680.5,11680.5
2022-06-29 05:17:00,11680.5,11680.5,11680.5,11680.5
2022-06-29 05:17:00,11680.5,11680.5,11680.5,11680.5
2022-06-29 05:18:00,11680.5,11680.5,11680.5,11680.5
2022-06-29 05:18:00,11680.5,11680.5,11680.5,11680.5
2022-06-29 05:19:00,11680.5,11680.5,11680.5,11680.5
2022-06-29 05:19:00,11680.5,11680.5,11680.5,11680.5
2022-06-29 05:20:00,11680.5,11680.5,11680.5,11680.5
2022-06-29 05:20:00,11680.5,11680.5,11680.5,11680.5
2022-06-29 05:21:00,11680.5,11680.5,11680.5,11680.5
2022-06-29 05:21:00,11680.5,11680.5,11680.5,11680.5
2022-06-29 05:22:00,11680.5,11680.5,11680.5,11680.5
2022-06-29 05:22:00,11680.5,11680.5,11680.5,11680.5
2022-06-29 05:23:00,11680.5,11680.5,11680.5,11680.5
2022-06-29 05:23:00,11680.5,11680.5,11680.5,11680.5
2022-06-29 05:24:00,11680.5,11680.5,11680.5,11680.5
2022-06-29 05:24:00,11680.5,11680.5,11680.5,11680.5
2022-06-29 05:25:00,11680.5,11680.5,11680.5,11680.5
2022-06-29 05:25:00,11680.5,11680.5,11680.5,11680.5
2022-06-29 05:26:00,11680.5,11680.5,11680.5,11680.5
2022-06-29 05:26:00,11680.5,11680.5,11680.5,11680.5
2022-06-29 05:27:00,11680.5,11680.5,11680.5,11680.5
2022-06-29 05:27:00,11680.5,11680.5,11680.5,11680.5
2022-06-29 05:28:00,11680.5,11680.5,11680.5,11680.5
2022-06-29 05:28:00,11680.5,11680.5,11680.5,11680.5
2022-06-29 05:29:00,11680.5,11680.5,11680.5,11680.5
2022-06-29 05:29:00,11680.5,11680.5,11680.5,11680.5
2022-06-29 05:30:00,11680.5,11680.5,11680.5,11680.5
2022-06-29 05:30:00,11680.5,11680.5,11680.5,11680.5
2022-06-29 05:31:00,11680.5,11680.5,11680.5,11680.5
2022-06-29 05:31:00,11680.5,11680.5,11680.5,11680.5
2022-06-29 05:32:00,11680.5,11680.5,11680.5,11680.5
2022-06-29 05:32:00,11680.5,11680.5,11680.5,11680.5
2022-06-29 05:33:00,11680.5,11680.5,11680.5,11680.5
2022-06-29 05:33:00,11680.5,11680.5,11680.5,11680.5
2022-06-29 05:34:00,11680.5,11680.5,11680.5,11680.5
2022-06-29 05:34:00,11680.5,11680.5,11680.5,11680.5
2022-06-29 05:35:00,11680.5,11680.5,11680.5,11680.5
2022-06-29 05:35:00,11680.5,11680.5,11680.5,11680.5
2022-06-29 05:36:00,11680.5,11680.5,11680.5,11680.5
2022-06-29 05:36:00,11680.5,11680.5,11680.5,11680.5
2022-06-29 05:37:00,11680.5,11680.5,11680.5,11680.5
2022-06-29 05:37:00,11680.5,11680.5,11680.5,11680.5
2022-06-29 05:38:00,11680.5,11680.5,11680.5,11680.5
2022-06-29 05:38:00,11680.5,11680.5,11680.5,11680.5
2022-06-29 05:39:00,11680.5,11680.5,11680.5,11680.5
2022-06-29 05:39:00,11680.5,11680.5,11680.5,11680.5
2022-06-29 05:40:00,11680.5,11680.5,11680.5,11680.5
2022-06-29 05:40:00,11680.5,11680.5,11680.5,11680.5
2022-06-29 05:41:00,11680.5,11680.5,11680.5,11680.5
2022-06-29 05:41:00,11680.5,11680.5,11680.5,11680.5
2022-06-29 05:42:00,11680.5,11680.5,11680.5,11680.5
2022-06-29 05:42:00,11680.5,11680.5,11680.5,11680.5
2022-06-29 05:43:00,11680.5,11680.5,11680.5,11680.5
2022-06-29 05:43:00,11680.5,11680.5,11680.5,11680.5
2022-06-29 05:44:00,11680.5,11680.5,11680.5,11680.5
2022-06-29 05:44:00,11680.5,11680.5,11680.5,11680.5
2022-06-29 05:45:00,11680.5,11680.5,11680.5,11680.5
2022-06-29 05:45:00,11680.5,11680.5,11680.5,11680.5
2022-06-29 05:46:00,11680.5,11680.5,11680.5,11680.5
2022-06-29 05:46:00,11680.5,11680.5,11680.5,11680.5
2022-06-29 05:47:00,11680.5,11680.5,11680.5,11680.5
2022-06-29 05:47:00,11680.5,11680.5,11680.5,11680.5
2022-06-29 05:48:00,11680.5,11680.5,11680.5,11680.5
2022-06-29 05:48:00,11680.5,11680.5,11680.5,11680.5
2022-06-29 05:49:00,11680.5,11680.5,11680.5,11680.5
2022-06-29 05:49:00,11680.5,11680.5,11680.5,11680.5
2022-06-29 05:50:00,11680.5,11680.5,11680.5,11680.5
2022-06-29 05:50:00,11680.5,11680.5,11680.5,11680.5
2022-06-29 05:51:00,11680.5,11680.5,11680.5,11680.5
2022-06-29 05:51:00,11680.5,11680.5,11680.5,11680.5
2022-06-29 05:52:00,11680.5,11680.5,11680.5,11680.5
2022-06-29 05:52:00,11680.5,11680.5,11680.5,11680.5
2022-06-29 05:53:00,11680.5,11680.5,11680.5,11680.5
2022-06-29 05:53:00,11680.5,11680.5,11680.5,11680.5
2022-06-29 05:54:00,11680.5,11680.5,11680.5,11680.5
2022-06-29 05:54:00,11680.5,11680.5,11680.5,11680.5
2022-06-29 05:55:00,11680.5,11680.5,11680.5,11680.5
2022-06-29 05:55:00,11680.5,11680.5,11680.5,11680.5
2022-06-29 05:56:00,11680.5,11680.5,11680.5,11680.5
2022-06-29 05:56:00,11680.5,11680.5,11680.5,11680.5
2022-06-29 05:57:00,11680.5,11680.5,11680.5,11680.5
2022-06-29 05:57:00,11680.5,11680.5,11680.5,11680.5
2022-06-29 05:58:00,11680.5,11680.5,11680.5,11680.5
2022-06-29 05:58:00,11680.5,11680.5,11680.5,11680.5
2022-06-29 05:59:00,11680.5,11680.5,11680.5,11680.5
2022-06-29 05:59:00,11680.5,11680.5,11680.5,11680.5
2022-06-29 06:00:00,11680.5,11680.5,11680.5,11680.5
2022-06-29 06:00:00,11680.5,11680.5,11680.5,11680.5
2022-06-29 06:01:00,11680.5,11680.5,11680.5,11680.5
2022-06-29 06:01:00,11680.5,11680.5,11680.5,11680.5
2022-06-29 06:02:00,11680.5,11680.5,11680.5,11680.5
2022-06-29 06:02:00,11680.5,11680.5,11680.5,11680.5
2022-06-29 06:03:00,11680.5,11680.5,11680.5,11680.5
2022-06-29 06:03:00,11680.5,11680.5,11680.5,11680.5
2022-06-29 06:04:00,11680.5,11680.5,11680.5,11680.5
2022-06-29 06:04:00,11680.5,11680.5,11680.5,11680.5
2022-06-29 06:05:00,11680.5,11680.5,11680.5,11680.5
2022-06-29 06:05:00,11680.5,11680.5,11680.5,11680.5
2022-06-29 06:06:00,11680.5,11680.5,11680.5,11680.5
2022-06-29 06:06:00,11680.5,11680.5,11680.5,11680.5
2022-06-29 06:07:00,11680.5,11680.5,11680.5,11680.5
2022-06-29 06:07:00,11680.5,11680.5,11680.5,11680.5
2022-06-29 06:08:00,11680.5,11680.5,11680.5,11680.5
2022-06-29 06:08:00,11680.5,11680.5,11680.5,11680.5
2022-06-29 06:09:00,11680.5,11680.5,11680.5,11680.5
2022-06-29 06:09:00,11680.5,11680.5,11680.5,11680.5
2022-06-29 06:10:00,11679.0,11679.0,11679.0,11679.0
2022-06-29 06:10:00,11682.0,11682.0,11682.0,11682.0
2022-06-29 06:11:00,11680.75,11680.75,11680.75,11680.75
2022-06-29 06:11:00,11680.5,11680.5,11680.5,11680.5
2022-06-29 06:12:00,11680.25,11680.25,11680.25,11680.25
2022-06-29 06:12:00,11681.25,11681.25,11681.25,11681.25
2022-06-29 06:13:00,11683.0,11683.0,11683.0,11683.0
2022-06-29 06:13:00,11681.25,11681.25,11681.25,11681.25
2022-06-29 06:14:00,11683.5,11683.5,11683.5,11683.5
2022-06-29 06:14:00,11683.5,11683.5,11683.5,11683.5
2022-06-29 06:15:00,11683.25,11683.25,11683.25,11683.25
2022-06-29 06:15:00,11681.5,11681.5,11681.5,11681.5
2022-06-29 06:16:00,11680.0,11680.0,11680.0,11680.0
2022-06-29 06:16:00,11680.25,11680.25,11680.25,11680.25
2022-06-29 06:17:00,11682.5,11682.5,11682.5,11682.5
2022-06-29 06:17:00,11682.75,11682.75,11682.75,11682.75
2022-06-29 06:18:00,11681.75,11681.75,11681.75,11681.75
2022-06-29 06:18:00,11681.75,11681.75,11681.75,11681.75
2022-06-29 06:19:00,11684.0,11684.0,11684.0,11684.0
2022-06-29 06:19:00,11685.75,11685.75,11685.75,11685.75
2022-06-29 06:20:00,11691.25,11691.25,11691.25,11691.25
2022-06-29 06:20:00,11690.5,11690.5,11690.5,11690.5
2022-06-29 06:21:00,11688.75,11688.75,11688.75,11688.75
2022-06-29 06:21:00,11688.5,11688.5,11688.5,11688.5
2022-06-29 06:22:00,11689.0,11689.0,11689.0,11689.0
2022-06-29 06:22:00,11688.75,11688.75,11688.75,11688.75
2022-06-29 06:23:00,11685.25,11685.25,11685.25,11685.25
2022-06-29 06:23:00,11684.5,11684.5,11684.5,11684.5
2022-06-29 06:24:00,11684.75,11684.75,11684.75,11684.75
2022-06-29 06:24:00,11684.75,11684.75,11684.75,11684.75
2022-06-29 06:25:00,11686.5,11686.5,11686.5,11686.5
2022-06-29 06:25:00,11687.5,11687.5,11687.5,11687.5
2022-06-29 06:26:00,11687.75,11687.75,11687.75,11687.75
2022-06-29 06:26:00,11687.75,11687.75,11687.75,11687.75
2022-06-29 06:27:00,11687.5,11687.5,11687.5,11687.5
2022-06-29 06:27:00,11688.0,11688.0,11688.0,11688.0
2022-06-29 06:28:00,11687.75,11687.75,11687.75,11687.75
2022-06-29 06:28:00,11688.0,11688.0,11688.0,11688.0
2022-06-29 06:29:00,11687.5,11687.5,11687.5,11687.5
2022-06-29 06:29:00,11687.5,11687.5,11687.5,11687.5
2022-06-29 06:30:00,11688.0,11688.0,11688.0,11688.0
2022-06-29 06:30:00,11688.75,11688.75,11688.75,11688.75
2022-06-29 06:31:00,11687.5,11687.5,11687.5,11687.5
2022-06-29 06:31:00,11686.0,11686.0,11686.0,11686.0
2022-06-29 06:32:00,11684.75,11684.75,11684.75,11684.75
2022-06-29 06:32:00,11684.75,11684.75,11684.75,11684.75
2022-06-29 06:33:00,11685.5,11685.5,11685.5,11685.5
2022-06-29 06:33:00,11685.5,11685.5,11685.5,11685.5
2022-06-29 06:34:00,11686.0,11686.0,11686.0,11686.0
2022-06-29 06:34:00,11687.25,11687.25,11687.25,11687.25
2022-06-29 06:35:00,11689.25,11689.25,11689.25,11689.25
2022-06-29 06:35:00,11690.0,11690.0,11690.0,11690.0
2022-06-29 06:36:00,11692.5,11692.5,11692.5,11692.5
2022-06-29 06:36:00,11689.25,11689.25,11689.25,11689.25
2022-06-29 06:37:00,11690.0,11690.0,11690.0,11690.0
2022-06-29 06:37:00,11691.25,11691.25,11691.25,11691.25
2022-06-29 06:38:00,11692.25,11692.25,11692.25,11692.25
2022-06-29 06:38:00,11690.75,11690.75,11690.75,11690.75
2022-06-29 06:39:00,11690.0,11690.0,11690.0,11690.0
2022-06-29 06:39:00,11691.0,11691.0,11691.0,11691.0
2022-06-29 06:40:00,11693.25,11693.25,11693.25,11693.25
2022-06-29 06:40:00,11693.5,11693.5,11693.5,11693.5
2022-06-29 06:41:00,11694.0,11694.0,11694.0,11694.0
2022-06-29 06:41:00,11692.25,11692.25,11692.25,11692.25
2022-06-29 06:42:00,11693.25,11693.25,11693.25,11693.25
2022-06-29 06:42:00,11693.0,11693.0,11693.0,11693.0
2022-06-29 06:43:00,11694.25,11694.25,11694.25,11694.25
2022-06-29 06:43:00,11694.0,11694.0,11694.0,11694.0
2022-06-29 06:44:00,11694.5,11694.5,11694.5,11694.5
2022-06-29 06:44:00,11694.5,11694.5,11694.5,11694.5
2022-06-29 06:45:00,11694.75,11694.75,11694.75,11694.75
2022-06-29 06:45:00,11694.75,11694.75,11694.75,11694.75
2022-06-29 06:46:00,11693.0,11693.0,11693.0,11693.0
2022-06-29 06:46:00,11692.5,11692.5,11692.5,11692.5
2022-06-29 06:47:00,11692.25,11692.25,11692.25,11692.25
2022-06-29 06:47:00,11691.25,11691.25,11691.25,11691.25
2022-06-29 06:48:00,11690.0,11690.0,11690.0,11690.0
2022-06-29 06:48:00,11689.75,11689.75,11689.75,11689.75
2022-06-29 06:49:00,11691.25,11691.25,11691.25,11691.25
2022-06-29 06:49:00,11692.75,11692.75,11692.75,11692.75
2022-06-29 06:50:00,11690.25,11690.25,11690.25,11690.25
2022-06-29 06:50:00,11690.5,11690.5,11690.5,11690.5
2022-06-29 06:51:00,11690.0,11690.0,11690.0,11690.0
2022-06-29 06:51:00,11689.75,11689.75,11689.75,11689.75
2022-06-29 06:52:00,11690.25,11690.25,11690.25,11690.25
2022-06-29 06:52:00,11692.25,11692.25,11692.25,11692.25
2022-06-29 06:53:00,11689.0,11689.0,11689.0,11689.0
2022-06-29 06:53:00,11690.0,11690.0,11690.0,11690.0
2022-06-29 06:54:00,11691.0,11691.0,11691.0,11691.0
2022-06-29 06:54:00,11692.0,11692.0,11692.0,11692.0
2022-06-29 06:55:00,11693.0,11693.0,11693.0,11693.0
2022-06-29 06:55:00,11693.25,11693.25,11693.25,11693.25
2022-06-29 06:56:00,11694.0,11694.0,11694.0,11694.0
2022-06-29 06:56:00,11691.0,11691.0,11691.0,11691.0
2022-06-29 06:57:00,11693.25,11693.25,11693.25,11693.25
2022-06-29 06:57:00,11693.75,11693.75,11693.75,11693.75
2022-06-29 06:58:00,11692.25,11692.25,11692.25,11692.25
2022-06-29 06:58:00,11692.0,11692.0,11692.0,11692.0
2022-06-29 06:59:00,11693.0,11693.0,11693.0,11693.0
2022-06-29 06:59:00,11692.25,11692.25,11692.25,11692.25
2022-06-29 07:00:00,11691.25,11691.25,11691.25,11691.25
2022-06-29 07:00:00,11691.75,11691.75,11691.75,11691.75
2022-06-29 07:01:00,11693.0,11693.0,11693.0,11693.0
2022-06-29 07:01:00,11692.75,11692.75,11692.75,11692.75
2022-06-29 07:02:00,11694.25,11694.25,11694.25,11694.25
2022-06-29 07:02:00,11694.25,11694.25,11694.25,11694.25
2022-06-29 07:03:00,11696.25,11696.25,11696.25,11696.25
2022-06-29 07:03:00,11696.25,11696.25,11696.25,11696.25
2022-06-29 07:04:00,11697.5,11697.5,11697.5,11697.5
2022-06-29 07:04:00,11697.5,11697.5,11697.5,11697.5
2022-06-29 07:05:00,11696.0,11696.0,11696.0,11696.0
2022-06-29 07:05:00,11694.5,11694.5,11694.5,11694.5
2022-06-29 07:06:00,11695.75,11695.75,11695.75,11695.75
2022-06-29 07:06:00,11696.5,11696.5,11696.5,11696.5
2022-06-29 07:07:00,11696.0,11696.0,11696.0,11696.0
2022-06-29 07:07:00,11697.0,11697.0,11697.0,11697.0
2022-06-29 07:08:00,11697.5,11697.5,11697.5,11697.5
2022-06-29 07:08:00,11697.0,11697.0,11697.0,11697.0
2022-06-29 07:09:00,11697.5,11697.5,11697.5,11697.5
2022-06-29 07:10:00,11693.0,11693.0,11693.0,11693.0
2022-06-29 07:10:00,11692.25,11692.25,11692.25,11692.25
2022-06-29 07:11:00,11690.75,11690.75,11690.75,11690.75
2022-06-29 07:11:00,11689.75,11689.75,11689.75,11689.75
2022-06-29 07:12:00,11683.25,11683.25,11683.25,11683.25
2022-06-29 07:12:00,11682.75,11682.75,11682.75,11682.75
2022-06-29 07:13:00,11681.75,11681.75,11681.75,11681.75
2022-06-29 07:13:00,11681.25,11681.25,11681.25,11681.25
2022-06-29 07:14:00,11681.25,11681.25,11681.25,11681.25
2022-06-29 07:14:00,11680.25,11680.25,11680.25,11680.25
2022-06-29 07:15:00,11683.0,11683.0,11683.0,11683.0
2022-06-29 07:15:00,11685.25,11685.25,11685.25,11685.25
2022-06-29 07:16:00,11683.75,11683.75,11683.75,11683.75
2022-06-29 07:16:00,11682.0,11682.0,11682.0,11682.0
2022-06-29 07:17:00,11682.5,11682.5,11682.5,11682.5
2022-06-29 07:17:00,11683.0,11683.0,11683.0,11683.0
2022-06-29 07:18:00,11680.25,11680.25,11680.25,11680.25
2022-06-29 07:18:00,11681.25,11681.25,11681.25,11681.25
2022-06-29 07:19:00,11680.0,11680.0,11680.0,11680.0
2022-06-29 07:19:00,11681.25,11681.25,11681.25,11681.25
2022-06-29 07:20:00,11680.25,11680.25,11680.25,11680.25
2022-06-29 07:20:00,11681.0,11681.0,11681.0,11681.0
2022-06-29 07:21:00,11680.75,11680.75,11680.75,11680.75
2022-06-29 07:21:00,11681.0,11681.0,11681.0,11681.0
2022-06-29 07:22:00,11682.75,11682.75,11682.75,11682.75
2022-06-29 07:22:00,11684.0,11684.0,11684.0,11684.0
2022-06-29 07:23:00,11681.0,11681.0,11681.0,11681.0
2022-06-29 07:23:00,11679.5,11679.5,11679.5,11679.5
2022-06-29 07:24:00,11681.0,11681.0,11681.0,11681.0
2022-06-29 07:24:00,11681.25,11681.25,11681.25,11681.25
2022-06-29 07:25:00,11678.75,11678.75,11678.75,11678.75
2022-06-29 07:25:00,11678.0,11678.0,11678.0,11678.0
2022-06-29 07:26:00,11676.75,11676.75,11676.75,11676.75
2022-06-29 07:26:00,11676.0,11676.0,11676.0,11676.0
2022-06-29 07:27:00,11676.5,11676.5,11676.5,11676.5
2022-06-29 07:27:00,11676.0,11676.0,11676.0,11676.0
2022-06-29 07:28:00,11675.75,11675.75,11675.75,11675.75
2022-06-29 07:28:00,11674.25,11674.25,11674.25,11674.25
2022-06-29 07:29:00,11675.75,11675.75,11675.75,11675.75
2022-06-29 07:29:00,11680.0,11680.0,11680.0,11680.0
2022-06-29 07:30:00,11677.5,11677.5,11677.5,11677.5
2022-06-29 07:30:00,11677.5,11677.5,11677.5,11677.5
2022-06-29 07:31:00,11676.25,11676.25,11676.25,11676.25
2022-06-29 07:31:00,11681.0,11681.0,11681.0,11681.0
2022-06-29 07:32:00,11685.5,11685.5,11685.5,11685.5
2022-06-29 07:32:00,11686.75,11686.75,11686.75,11686.75
2022-06-29 07:33:00,11692.75,11692.75,11692.75,11692.75
2022-06-29 07:33:00,11690.75,11690.75,11690.75,11690.75
2022-06-29 07:34:00,11691.25,11691.25,11691.25,11691.25
2022-06-29 07:34:00,11687.5,11687.5,11687.5,11687.5
2022-06-29 07:35:00,11690.5,11690.5,11690.5,11690.5
2022-06-29 07:35:00,11692.0,11692.0,11692.0,11692.0
2022-06-29 07:36:00,11692.5,11692.5,11692.5,11692.5
2022-06-29 07:36:00,11690.25,11690.25,11690.25,11690.25
2022-06-29 07:37:00,11689.25,11689.25,11689.25,11689.25
2022-06-29 07:37:00,11690.5,11690.5,11690.5,11690.5
2022-06-29 07:38:00,11692.0,11692.0,11692.0,11692.0
2022-06-29 07:38:00,11692.5,11692.5,11692.5,11692.5
2022-06-29 07:39:00,11691.75,11691.75,11691.75,11691.75
2022-06-29 07:39:00,11692.25,11692.25,11692.25,11692.25
2022-06-29 07:40:00,11691.75,11691.75,11691.75,11691.75
2022-06-29 07:40:00,11690.5,11690.5,11690.5,11690.5
2022-06-29 07:41:00,11692.0,11692.0,11692.0,11692.0
2022-06-29 07:41:00,11693.5,11693.5,11693.5,11693.5
2022-06-29 07:42:00,11692.5,11692.5,11692.5,11692.5
2022-06-29 07:42:00,11692.0,11692.0,11692.0,11692.0
2022-06-29 07:43:00,11692.5,11692.5,11692.5,11692.5
2022-06-29 07:43:00,11693.5,11693.5,11693.5,11693.5
2022-06-29 07:44:00,11692.5,11692.5,11692.5,11692.5
2022-06-29 07:44:00,11691.5,11691.5,11691.5,11691.5
2022-06-29 07:45:00,11691.75,11691.75,11691.75,11691.75
2022-06-29 07:45:00,11690.75,11690.75,11690.75,11690.75
2022-06-29 07:46:00,11690.25,11690.25,11690.25,11690.25
2022-06-29 07:46:00,11688.75,11688.75,11688.75,11688.75
2022-06-29 07:47:00,11686.0,11686.0,11686.0,11686.0
2022-06-29 07:47:00,11686.25,11686.25,11686.25,11686.25
2022-06-29 07:48:00,11685.5,11685.5,11685.5,11685.5
2022-06-29 07:48:00,11686.25,11686.25,11686.25,11686.25
2022-06-29 07:49:00,11688.75,11688.75,11688.75,11688.75
2022-06-29 07:49:00,11690.25,11690.25,11690.25,11690.25
2022-06-29 07:50:00,11692.25,11692.25,11692.25,11692.25
2022-06-29 07:50:00,11691.5,11691.5,11691.5,11691.5
2022-06-29 07:51:00,11692.25,11692.25,11692.25,11692.25
2022-06-29 07:51:00,11691.75,11691.75,11691.75,11691.75
2022-06-29 07:52:00,11690.25,11690.25,11690.25,11690.25
2022-06-29 07:52:00,11691.25,11691.25,11691.25,11691.25
2022-06-29 07:53:00,11690.75,11690.75,11690.75,11690.75
2022-06-29 07:53:00,11689.75,11689.75,11689.75,11689.75
2022-06-29 07:54:00,11690.75,11690.75,11690.75,11690.75
2022-06-29 07:54:00,11692.25,11692.25,11692.25,11692.25
2022-06-29 07:55:00,11695.0,11695.0,11695.0,11695.0
2022-06-29 07:55:00,11694.25,11694.25,11694.25,11694.25
2022-06-29 07:56:00,11696.5,11696.5,11696.5,11696.5
2022-06-29 07:56:00,11695.0,11695.0,11695.0,11695.0
2022-06-29 07:57:00,11694.5,11694.5,11694.5,11694.5
2022-06-29 07:57:00,11694.0,11694.0,11694.0,11694.0
2022-06-29 07:58:00,11693.75,11693.75,11693.75,11693.75
2022-06-29 07:58:00,11693.5,11693.5,11693.5,11693.5
2022-06-29 07:59:00,11694.75,11694.75,11694.75,11694.75
2022-06-29 07:59:00,11693.5,11693.5,11693.5,11693.5
2022-06-29 08:00:00,11693.75,11693.75,11693.75,11693.75
2022-06-29 08:00:00,11693.75,11693.75,11693.75,11693.75
2022-06-29 08:01:00,11693.25,11693.25,11693.25,11693.25
2022-06-29 08:01:00,11692.0,11692.0,11692.0,11692.0
2022-06-29 08:02:00,11692.25,11692.25,11692.25,11692.25
2022-06-29 08:02:00,11691.75,11691.75,11691.75,11691.75
2022-06-29 08:03:00,11691.0,11691.0,11691.0,11691.0
2022-06-29 08:03:00,11690.75,11690.75,11690.75,11690.75
2022-06-29 08:04:00,11691.5,11691.5,11691.5,11691.5
2022-06-29 08:04:00,11689.25,11689.25,11689.25,11689.25
2022-06-29 08:05:00,11689.5,11689.5,11689.5,11689.5
2022-06-29 08:05:00,11688.75,11688.75,11688.75,11688.75
2022-06-29 08:06:00,11683.75,11683.75,11683.75,11683.75
2022-06-29 08:06:00,11684.25,11684.25,11684.25,11684.25
2022-06-29 08:07:00,11688.25,11688.25,11688.25,11688.25
2022-06-29 08:07:00,11687.75,11687.75,11687.75,11687.75
2022-06-29 08:08:00,11689.0,11689.0,11689.0,11689.0
2022-06-29 08:08:00,11690.25,11690.25,11690.25,11690.25
2022-06-29 08:09:00,11688.25,11688.25,11688.25,11688.25
2022-06-29 08:09:00,11689.25,11689.25,11689.25,11689.25
2022-06-29 08:10:00,11693.5,11693.5,11693.5,11693.5
2022-06-29 08:10:00,11689.25,11689.25,11689.25,11689.25
2022-06-29 08:11:00,11685.75,11685.75,11685.75,11685.75
2022-06-29 08:11:00,11687.75,11687.75,11687.75,11687.75
2022-06-29 08:12:00,11686.5,11686.5,11686.5,11686.5
2022-06-29 08:12:00,11690.5,11690.5,11690.5,11690.5
2022-06-29 08:13:00,11688.75,11688.75,11688.75,11688.75
2022-06-29 08:13:00,11687.75,11687.75,11687.75,11687.75
2022-06-29 08:14:00,11686.75,11686.75,11686.75,11686.75
2022-06-29 08:14:00,11685.75,11685.75,11685.75,11685.75
2022-06-29 08:15:00,11686.75,11686.75,11686.75,11686.75
2022-06-29 08:15:00,11685.0,11685.0,11685.0,11685.0
2022-06-29 08:16:00,11682.0,11682.0,11682.0,11682.0
2022-06-29 08:16:00,11684.75,11684.75,11684.75,11684.75
2022-06-29 08:17:00,11689.5,11689.5,11689.5,11689.5
2022-06-29 08:17:00,11694.75,11694.75,11694.75,11694.75
2022-06-29 08:18:00,11703.5,11703.5,11703.5,11703.5
2022-06-29 08:18:00,11702.75,11702.75,11702.75,11702.75
2022-06-29 08:19:00,11698.75,11698.75,11698.75,11698.75
2022-06-29 08:19:00,11695.75,11695.75,11695.75,11695.75
2022-06-29 08:20:00,11699.5,11699.5,11699.5,11699.5
2022-06-29 08:20:00,11697.75,11697.75,11697.75,11697.75
2022-06-29 08:21:00,11700.5,11700.5,11700.5,11700.5
2022-06-29 08:21:00,11699.75,11699.75,11699.75,11699.75
2022-06-29 08:22:00,11697.25,11697.25,11697.25,11697.25
2022-06-29 08:22:00,11694.75,11694.75,11694.75,11694.75
2022-06-29 08:23:00,11690.25,11690.25,11690.25,11690.25
2022-06-29 08:23:00,11691.25,11691.25,11691.25,11691.25
2022-06-29 08:24:00,11688.25,11688.25,11688.25,11688.25
2022-06-29 08:24:00,11690.0,11690.0,11690.0,11690.0
2022-06-29 08:25:00,11690.75,11690.75,11690.75,11690.75
2022-06-29 08:25:00,11691.25,11691.25,11691.25,11691.25
2022-06-29 08:26:00,11696.0,11696.0,11696.0,11696.0
2022-06-29 08:26:00,11698.5,11698.5,11698.5,11698.5
2022-06-29 08:27:00,11700.5,11700.5,11700.5,11700.5
2022-06-29 08:27:00,11701.0,11701.0,11701.0,11701.0
2022-06-29 08:28:00,11699.5,11699.5,11699.5,11699.5
2022-06-29 08:28:00,11699.0,11699.0,11699.0,11699.0
2022-06-29 08:29:00,11700.25,11700.25,11700.25,11700.25
2022-06-29 08:29:00,11700.5,11700.5,11700.5,11700.5
2022-06-29 08:30:00,11698.25,11698.25,11698.25,11698.25
2022-06-29 08:30:00,11698.0,11698.0,11698.0,11698.0
2022-06-29 08:31:00,11699.0,11699.0,11699.0,11699.0
2022-06-29 08:31:00,11696.75,11696.75,11696.75,11696.75
2022-06-29 08:32:00,11693.5,11693.5,11693.5,11693.5
2022-06-29 08:32:00,11692.0,11692.0,11692.0,11692.0
2022-06-29 08:33:00,11676.75,11676.75,11676.75,11676.75
2022-06-29 08:33:00,11673.25,11673.25,11673.25,11673.25
2022-06-29 08:34:00,11672.0,11672.0,11672.0,11672.0
2022-06-29 08:34:00,11673.5,11673.5,11673.5,11673.5
2022-06-29 08:35:00,11676.75,11676.75,11676.75,11676.75
2022-06-29 08:35:00,11678.25,11678.25,11678.25,11678.25
2022-06-29 08:36:00,11680.25,11680.25,11680.25,11680.25
2022-06-29 08:36:00,11680.25,11680.25,11680.25,11680.25
2022-06-29 08:37:00,11678.0,11678.0,11678.0,11678.0
2022-06-29 08:37:00,11680.75,11680.75,11680.75,11680.75
2022-06-29 08:38:00,11683.75,11683.75,11683.75,11683.75
2022-06-29 08:38:00,11684.5,11684.5,11684.5,11684.5
2022-06-29 08:39:00,11684.75,11684.75,11684.75,11684.75
2022-06-29 08:39:00,11685.0,11685.0,11685.0,11685.0
2022-06-29 08:40:00,11687.0,11687.0,11687.0,11687.0
2022-06-29 08:40:00,11687.25,11687.25,11687.25,11687.25
2022-06-29 08:41:00,11689.5,11689.5,11689.5,11689.5
2022-06-29 08:41:00,11689.25,11689.25,11689.25,11689.25
2022-06-29 08:42:00,11693.75,11693.75,11693.75,11693.75
2022-06-29 08:42:00,11693.25,11693.25,11693.25,11693.25
2022-06-29 08:43:00,11688.25,11688.25,11688.25,11688.25
2022-06-29 08:43:00,11686.5,11686.5,11686.5,11686.5
2022-06-29 08:44:00,11683.0,11683.0,11683.0,11683.0
2022-06-29 08:44:00,11681.75,11681.75,11681.75,11681.75
2022-06-29 08:45:00,11680.25,11680.25,11680.25,11680.25
2022-06-29 08:45:00,11677.75,11677.75,11677.75,11677.75
2022-06-29 08:46:00,11678.25,11678.25,11678.25,11678.25
2022-06-29 08:46:00,11679.5,11679.5,11679.5,11679.5
2022-06-29 08:47:00,11678.0,11678.0,11678.0,11678.0
2022-06-29 08:47:00,11672.0,11672.0,11672.0,11672.0
2022-06-29 08:48:00,11672.25,11672.25,11672.25,11672.25
2022-06-29 08:48:00,11670.5,11670.5,11670.5,11670.5
2022-06-29 08:49:00,11668.75,11668.75,11668.75,11668.75
2022-06-29 08:49:00,11668.5,11668.5,11668.5,11668.5
2022-06-29 08:50:00,11669.5,11669.5,11669.5,11669.5
2022-06-29 08:50:00,11666.0,11666.0,11666.0,11666.0
2022-06-29 08:51:00,11666.25,11666.25,11666.25,11666.25
2022-06-29 08:51:00,11667.5,11667.5,11667.5,11667.5
2022-06-29 08:52:00,11666.0,11666.0,11666.0,11666.0
2022-06-29 08:52:00,11668.5,11668.5,11668.5,11668.5
2022-06-29 08:53:00,11662.75,11662.75,11662.75,11662.75
2022-06-29 08:53:00,11662.5,11662.5,11662.5,11662.5
2022-06-29 08:54:00,11662.75,11662.75,11662.75,11662.75
2022-06-29 08:54:00,11659.75,11659.75,11659.75,11659.75
2022-06-29 08:55:00,11664.75,11664.75,11664.75,11664.75
2022-06-29 08:55:00,11665.0,11665.0,11665.0,11665.0
2022-06-29 08:56:00,11665.75,11665.75,11665.75,11665.75
2022-06-29 08:56:00,11663.0,11663.0,11663.0,11663.0
2022-06-29 08:57:00,11659.25,11659.25,11659.25,11659.25
2022-06-29 08:57:00,11659.5,11659.5,11659.5,11659.5
2022-06-29 08:58:00,11659.75,11659.75,11659.75,11659.75
2022-06-29 08:58:00,11661.75,11661.75,11661.75,11661.75
2022-06-29 08:59:00,11660.0,11660.0,11660.0,11660.0
2022-06-29 08:59:00,11659.5,11659.5,11659.5,11659.5
2022-06-29 09:00:00,11663.5,11663.5,11663.5,11663.5
2022-06-29 09:00:00,11664.25,11664.25,11664.25,11664.25
2022-06-29 09:01:00,11666.0,11666.0,11666.0,11666.0
2022-06-29 09:01:00,11665.5,11665.5,11665.5,11665.5
2022-06-29 09:02:00,11662.0,11662.0,11662.0,11662.0
2022-06-29 09:02:00,11663.75,11663.75,11663.75,11663.75
2022-06-29 09:03:00,11664.5,11664.5,11664.5,11664.5
2022-06-29 09:03:00,11664.0,11664.0,11664.0,11664.0
2022-06-29 09:04:00,11663.25,11663.25,11663.25,11663.25
2022-06-29 09:04:00,11661.0,11661.0,11661.0,11661.0
2022-06-29 09:05:00,11665.5,11665.5,11665.5,11665.5
2022-06-29 09:05:00,11663.75,11663.75,11663.75,11663.75
2022-06-29 09:06:00,11664.25,11664.25,11664.25,11664.25
2022-06-29 09:06:00,11666.25,11666.25,11666.25,11666.25
2022-06-29 09:07:00,11663.5,11663.5,11663.5,11663.5
2022-06-29 09:07:00,11663.0,11663.0,11663.0,11663.0
2022-06-29 09:08:00,11660.25,11660.25,11660.25,11660.25
2022-06-29 09:08:00,11660.5,11660.5,11660.5,11660.5
2022-06-29 09:09:00,11664.5,11664.5,11664.5,11664.5
2022-06-29 09:09:00,11664.75,11664.75,11664.75,11664.75
2022-06-29 09:10:00,11663.5,11663.5,11663.5,11663.5
2022-06-29 09:10:00,11665.25,11665.25,11665.25,11665.25
2022-06-29 09:11:00,11668.75,11668.75,11668.75,11668.75
2022-06-29 09:11:00,11669.0,11669.0,11669.0,11669.0
2022-06-29 09:12:00,11669.75,11669.75,11669.75,11669.75
2022-06-29 09:12:00,11668.5,11668.5,11668.5,11668.5
2022-06-29 09:13:00,11668.25,11668.25,11668.25,11668.25
2022-06-29 09:13:00,11667.25,11667.25,11667.25,11667.25
2022-06-29 09:14:00,11667.25,11667.25,11667.25,11667.25
2022-06-29 09:14:00,11674.25,11674.25,11674.25,11674.25
2022-06-29 09:15:00,11673.0,11673.0,11673.0,11673.0
2022-06-29 09:15:00,11669.75,11669.75,11669.75,11669.75
2022-06-29 09:16:00,11668.75,11668.75,11668.75,11668.75
2022-06-29 09:16:00,11669.5,11669.5,11669.5,11669.5
2022-06-29 09:42:00,11686.25,11686.25,11686.25,11686.25
2022-06-29 09:42:00,11687.75,11687.75,11687.75,11687.75
2022-06-29 09:43:00,11686.75,11686.75,11686.75,11686.75
2022-06-29 09:43:00,11686.25,11686.25,11686.25,11686.25
2022-06-29 09:44:00,11687.5,11687.5,11687.5,11687.5
2022-06-29 09:44:00,11687.75,11687.75,11687.75,11687.75
2022-06-29 09:45:00,11689.5,11689.5,11689.5,11689.5
2022-06-29 09:45:00,11690.0,11690.0,11690.0,11690.0
2022-06-29 09:46:00,11696.5,11696.5,11696.5,11696.5
2022-06-29 09:46:00,11698.0,11698.0,11698.0,11698.0
2022-06-29 09:47:00,11699.5,11699.5,11699.5,11699.5
2022-06-29 09:47:00,11699.5,11699.5,11699.5,11699.5
2022-06-29 09:48:00,11702.25,11702.25,11702.25,11702.25
2022-06-29 09:48:00,11699.75,11699.75,11699.75,11699.75
2022-06-29 09:49:00,11698.25,11698.25,11698.25,11698.25
2022-06-29 09:49:00,11695.0,11695.0,11695.0,11695.0
2022-06-29 09:50:00,11690.5,11690.5,11690.5,11690.5
2022-06-29 09:50:00,11690.5,11690.5,11690.5,11690.5
2022-06-29 09:51:00,11689.0,11689.0,11689.0,11689.0
2022-06-29 09:52:00,11688.0,11688.0,11688.0,11688.0
2022-06-29 09:53:00,11688.0,11688.0,11688.0,11688.0
2022-06-29 09:53:00,11683.5,11683.5,11683.5,11683.5
2022-06-29 09:54:00,11683.0,11683.0,11683.0,11683.0
2022-06-29 09:54:00,11684.25,11684.25,11684.25,11684.25
2022-06-29 09:55:00,11686.0,11686.0,11686.0,11686.0
2022-06-29 09:55:00,11686.75,11686.75,11686.75,11686.75
2022-06-29 09:56:00,11682.75,11682.75,11682.75,11682.75
2022-06-29 09:56:00,11681.5,11681.5,11681.5,11681.5
2022-06-29 09:57:00,11681.0,11681.0,11681.0,11681.0
2022-06-29 09:57:00,11680.75,11680.75,11680.75,11680.75
2022-06-29 09:58:00,11681.25,11681.25,11681.25,11681.25
2022-06-29 09:59:00,11679.5,11679.5,11679.5,11679.5
2022-06-29 09:59:00,11677.75,11677.75,11677.75,11677.75
2022-06-29 10:00:00,11680.25,11680.25,11680.25,11680.25
2022-06-29 10:00:00,11679.5,11679.5,11679.5,11679.5
2022-06-29 10:01:00,11676.5,11676.5,11676.5,11676.5
2022-06-29 10:02:00,11683.5,11683.5,11683.5,11683.5
2022-06-29 10:03:00,11685.5,11685.5,11685.5,11685.5
2022-06-29 10:04:00,11683.75,11683.75,11683.75,11683.75
2022-06-29 10:05:00,11680.0,11680.0,11680.0,11680.0
2022-06-29 10:06:00,11685.0,11685.0,11685.0,11685.0
2022-06-29 10:07:00,11685.75,11685.75,11685.75,11685.75
2022-06-29 10:08:00,11682.75,11682.75,11682.75,11682.75
2022-06-29 10:09:00,11683.0,11683.0,11683.0,11683.0
2022-06-29 10:10:00,11683.25,11683.25,11683.25,11683.25
2022-06-29 10:12:00,11685.5,11685.5,11685.5,11685.5
2022-06-29 10:12:00,11687.25,11687.25,11687.25,11687.25
2022-06-29 10:13:00,11682.75,11682.75,11682.75,11682.75
2022-06-29 10:13:00,11680.5,11680.5,11680.5,11680.5
2022-06-29 10:14:00,11677.5,11677.5,11677.5,11677.5
2022-06-29 10:14:00,11677.5,11677.5,11677.5,11677.5
2022-06-29 10:15:00,11679.5,11679.5,11679.5,11679.5
2022-06-29 10:16:00,11672.5,11672.5,11672.5,11672.5
2022-06-29 10:16:00,11673.0,11673.0,11673.0,11673.0
2022-06-29 10:17:00,11678.75,11678.75,11678.75,11678.75
2022-06-29 10:17:00,11677.5,11677.5,11677.5,11677.5
2022-06-29 10:18:00,11679.0,11679.0,11679.0,11679.0
2022-06-29 10:18:00,11680.0,11680.0,11680.0,11680.0
2022-06-29 10:19:00,11679.25,11679.25,11679.25,11679.25
2022-06-29 10:19:00,11676.25,11676.25,11676.25,11676.25
2022-06-29 10:20:00,11676.5,11676.5,11676.5,11676.5
2022-06-29 10:20:00,11678.25,11678.25,11678.25,11678.25
2022-06-29 10:21:00,11678.5,11678.5,11678.5,11678.5
2022-06-29 10:21:00,11678.25,11678.25,11678.25,11678.25
2022-06-29 10:22:00,11678.5,11678.5,11678.5,11678.5
2022-06-29 10:22:00,11681.0,11681.0,11681.0,11681.0
2022-06-29 10:23:00,11684.25,11684.25,11684.25,11684.25
2022-06-29 10:23:00,11683.0,11683.0,11683.0,11683.0
2022-06-29 10:24:00,11683.0,11683.0,11683.0,11683.0
2022-06-29 10:24:00,11684.5,11684.5,11684.5,11684.5
2022-06-29 10:25:00,11685.5,11685.5,11685.5,11685.5
2022-06-29 10:25:00,11691.25,11691.25,11691.25,11691.25
2022-06-29 10:26:00,11688.5,11688.5,11688.5,11688.5
2022-06-29 10:26:00,11687.5,11687.5,11687.5,11687.5
2022-06-29 10:27:00,11687.25,11687.25,11687.25,11687.25
2022-06-29 10:27:00,11683.0,11683.0,11683.0,11683.0
2022-06-29 10:28:00,11680.25,11680.25,11680.25,11680.25
2022-06-29 10:29:00,11680.25,11680.25,11680.25,11680.25
2022-06-29 10:29:00,11682.0,11682.0,11682.0,11682.0
2022-06-29 10:30:00,11679.25,11679.25,11679.25,11679.25
2022-06-29 10:30:00,11678.75,11678.75,11678.75,11678.75
2022-06-29 10:31:00,11680.25,11680.25,11680.25,11680.25
2022-06-29 10:32:00,11682.0,11682.0,11682.0,11682.0
2022-06-29 10:32:00,11685.0,11685.0,11685.0,11685.0
2022-06-29 10:33:00,11688.25,11688.25,11688.25,11688.25
2022-06-29 10:33:00,11688.75,11688.75,11688.75,11688.75
2022-06-29 10:34:00,11691.5,11691.5,11691.5,11691.5
2022-06-29 10:34:00,11690.0,11690.0,11690.0,11690.0
2022-06-29 10:35:00,11689.75,11689.75,11689.75,11689.75
2022-06-29 10:35:00,11688.75,11688.75,11688.75,11688.75
2022-06-29 10:36:00,11689.0,11689.0,11689.0,11689.0
2022-06-29 10:37:00,11690.25,11690.25,11690.25,11690.25
2022-06-29 10:37:00,11692.0,11692.0,11692.0,11692.0
2022-06-29 10:38:00,11690.25,11690.25,11690.25,11690.25
2022-06-29 10:39:00,11688.75,11688.75,11688.75,11688.75
2022-06-29 10:39:00,11686.5,11686.5,11686.5,11686.5
2022-06-29 10:40:00,11689.5,11689.5,11689.5,11689.5
2022-06-29 10:40:00,11688.5,11688.5,11688.5,11688.5
2022-06-29 10:41:00,11691.5,11691.5,11691.5,11691.5
2022-06-29 10:41:00,11690.0,11690.0,11690.0,11690.0
2022-06-29 10:49:00,11693.0,11693.0,11693.0,11693.0
2022-06-29 10:49:00,11693.75,11693.75,11693.75,11693.75
2022-06-29 10:50:00,11692.0,11692.0,11692.0,11692.0
2022-06-29 10:50:00,11692.75,11692.75,11692.75,11692.75
2022-06-29 10:51:00,11696.25,11696.25,11696.25,11696.25
2022-06-29 10:51:00,11698.75,11698.75,11698.75,11698.75
2022-06-29 10:52:00,11693.0,11693.0,11693.0,11693.0
2022-06-29 10:53:00,11692.0,11692.0,11692.0,11692.0
2022-06-29 10:53:00,11689.0,11689.0,11689.0,11689.0
2022-06-29 10:54:00,11691.75,11691.75,11691.75,11691.75
2022-06-29 10:55:00,11697.0,11697.0,11697.0,11697.0
2022-06-29 10:55:00,11697.0,11697.0,11697.0,11697.0
2022-06-29 10:56:00,11701.75,11701.75,11701.75,11701.75
2022-06-29 10:56:00,11701.0,11701.0,11701.0,11701.0
2022-06-29 10:57:00,11706.75,11706.75,11706.75,11706.75
2022-06-29 10:57:00,11705.75,11705.75,11705.75,11705.75
2022-06-29 10:58:00,11704.0,11704.0,11704.0,11704.0
2022-06-29 10:58:00,11704.0,11704.0,11704.0,11704.0
2022-06-29 10:59:00,11703.0,11703.0,11703.0,11703.0
2022-06-29 10:59:00,11703.0,11703.0,11703.0,11703.0
2022-06-29 11:00:00,11702.25,11702.25,11702.25,11702.25
2022-06-29 11:00:00,11702.25,11702.25,11702.25,11702.25
2022-06-29 11:01:00,11699.75,11699.75,11699.75,11699.75
2022-06-29 11:01:00,11699.75,11699.75,11699.75,11699.75
2022-06-29 11:02:00,11701.0,11701.0,11701.0,11701.0
2022-06-29 11:02:00,11700.75,11700.75,11700.75,11700.75
2022-06-29 11:03:00,11701.5,11701.5,11701.5,11701.5
2022-06-29 11:03:00,11701.75,11701.75,11701.75,11701.75
2022-06-29 11:04:00,11701.25,11701.25,11701.25,11701.25
2022-06-29 11:04:00,11701.25,11701.25,11701.25,11701.25
2022-06-29 11:05:00,11703.0,11703.0,11703.0,11703.0
2022-06-29 11:05:00,11703.25,11703.25,11703.25,11703.25
2022-06-29 11:06:00,11705.0,11705.0,11705.0,11705.0
2022-06-29 11:07:00,11703.75,11703.75,11703.75,11703.75
2022-06-29 11:07:00,11704.0,11704.0,11704.0,11704.0
2022-06-29 11:08:00,11700.5,11700.5,11700.5,11700.5
2022-06-29 11:08:00,11698.0,11698.0,11698.0,11698.0
2022-06-29 11:09:00,11698.5,11698.5,11698.5,11698.5
2022-06-29 11:09:00,11700.75,11700.75,11700.75,11700.75
2022-06-29 11:10:00,11700.25,11700.25,11700.25,11700.25
2022-06-29 11:10:00,11699.0,11699.0,11699.0,11699.0
2022-06-29 11:11:00,11700.75,11700.75,11700.75,11700.75
2022-06-29 11:11:00,11698.25,11698.25,11698.25,11698.25
2022-06-29 11:12:00,11697.5,11697.5,11697.5,11697.5
2022-06-29 11:12:00,11696.5,11696.5,11696.5,11696.5
2022-06-29 11:13:00,11697.0,11697.0,11697.0,11697.0
2022-06-29 11:14:00,11693.75,11693.75,11693.75,11693.75
2022-06-29 11:14:00,11695.0,11695.0,11695.0,11695.0
2022-06-29 11:15:00,11695.25,11695.25,11695.25,11695.25
2022-06-29 11:15:00,11695.5,11695.5,11695.5,11695.5
2022-06-29 11:19:00,11692.0,11692.0,11692.0,11692.0
2022-06-29 11:19:00,11693.0,11693.0,11693.0,11693.0
2022-06-29 11:20:00,11691.5,11691.5,11691.5,11691.5
2022-06-29 11:20:00,11691.5,11691.5,11691.5,11691.5
2022-06-29 11:21:00,11687.0,11687.0,11687.0,11687.0
2022-06-29 11:21:00,11687.5,11687.5,11687.5,11687.5
2022-06-29 11:22:00,11685.0,11685.0,11685.0,11685.0
2022-06-29 11:23:00,11685.25,11685.25,11685.25,11685.25
2022-06-29 11:23:00,11685.75,11685.75,11685.75,11685.75
2022-06-29 11:24:00,11683.25,11683.25,11683.25,11683.25
2022-06-29 11:24:00,11685.25,11685.25,11685.25,11685.25
2022-06-29 11:25:00,11689.75,11689.75,11689.75,11689.75
2022-06-29 11:27:00,11686.25,11686.25,11686.25,11686.25
2022-06-29 11:28:00,11686.25,11686.25,11686.25,11686.25
2022-06-29 11:28:00,11686.25,11686.25,11686.25,11686.25
2022-06-29 11:29:00,11686.25,11686.25,11686.25,11686.25
2022-06-29 11:29:00,11687.0,11687.0,11687.0,11687.0
2022-06-29 11:30:00,11687.5,11687.5,11687.5,11687.5
2022-06-29 11:31:00,11688.5,11688.5,11688.5,11688.5
2022-06-29 11:31:00,11689.5,11689.5,11689.5,11689.5
2022-06-29 11:32:00,11688.25,11688.25,11688.25,11688.25
2022-06-29 11:33:00,11689.0,11689.0,11689.0,11689.0
2022-06-29 11:34:00,11693.75,11693.75,11693.75,11693.75
2022-06-29 11:34:00,11693.75,11693.75,11693.75,11693.75
2022-06-29 11:34:00,11693.0,11693.0,11693.0,11693.0
2022-06-29 11:35:00,11690.75,11690.75,11690.75,11690.75
2022-06-29 11:35:00,11690.75,11690.75,11690.75,11690.75
2022-06-29 11:35:00,11690.75,11690.75,11690.75,11690.75
2022-06-29 11:36:00,11691.0,11691.0,11691.0,11691.0
2022-06-29 11:36:00,11691.0,11691.0,11691.0,11691.0
2022-06-29 11:36:00,11690.5,11690.5,11690.5,11690.5
2022-06-29 11:37:00,11688.25,11688.25,11688.25,11688.25
2022-06-29 11:37:00,11689.75,11689.75,11689.75,11689.75
2022-06-29 11:37:00,11689.75,11689.75,11689.75,11689.75
2022-06-29 11:38:00,11692.25,11692.25,11692.25,11692.25
2022-06-29 11:45:00,11695.25,11695.25,11695.25,11695.25
2022-06-29 11:45:00,11695.0,11695.0,11695.0,11695.0
2022-06-29 11:46:00,11687.0,11687.0,11687.0,11687.0
2022-06-29 11:46:00,11685.5,11685.5,11685.5,11685.5
2022-06-29 11:47:00,11684.25,11684.25,11684.25,11684.25
2022-06-29 11:47:00,11686.0,11686.0,11686.0,11686.0
2022-06-29 11:48:00,11682.25,11682.25,11682.25,11682.25
2022-06-29 11:48:00,11682.25,11682.25,11682.25,11682.25
2022-06-29 11:49:00,11682.75,11682.75,11682.75,11682.75
2022-06-29 11:49:00,11682.75,11682.75,11682.75,11682.75
2022-06-29 11:50:00,11685.5,11685.5,11685.5,11685.5
2022-06-29 11:51:00,11689.5,11689.5,11689.5,11689.5
2022-06-29 11:51:00,11691.25,11691.25,11691.25,11691.25
2022-06-29 11:52:00,11694.5,11694.5,11694.5,11694.5
2022-06-29 11:53:00,11692.75,11692.75,11692.75,11692.75
2022-06-29 11:53:00,11692.5,11692.5,11692.5,11692.5
2022-06-29 11:54:00,11696.5,11696.5,11696.5,11696.5
2022-06-29 11:54:00,11697.5,11697.5,11697.5,11697.5
2022-06-29 11:55:00,11697.25,11697.25,11697.25,11697.25
2022-06-29 11:56:00,11690.0,11690.0,11690.0,11690.0
2022-06-29 11:56:00,11689.75,11689.75,11689.75,11689.75
2022-06-29 11:57:00,11693.5,11693.5,11693.5,11693.5
2022-06-29 11:57:00,11693.0,11693.0,11693.0,11693.0
2022-06-29 11:58:00,11692.75,11692.75,11692.75,11692.75
2022-06-29 11:58:00,11693.25,11693.25,11693.25,11693.25
2022-06-29 11:59:00,11692.0,11692.0,11692.0,11692.0
2022-06-29 11:59:00,11692.0,11692.0,11692.0,11692.0
2022-06-29 12:00:00,11691.0,11691.0,11691.0,11691.0
2022-06-29 12:00:00,11691.0,11691.0,11691.0,11691.0
2022-06-29 12:01:00,11695.5,11695.5,11695.5,11695.5
2022-06-29 12:01:00,11696.0,11696.0,11696.0,11696.0
2022-06-29 12:02:00,11692.25,11692.25,11692.25,11692.25
2022-06-29 12:02:00,11690.75,11690.75,11690.75,11690.75
2022-06-29 12:03:00,11694.25,11694.25,11694.25,11694.25
2022-06-29 12:03:00,11695.25,11695.25,11695.25,11695.25
2022-06-29 12:04:00,11695.25,11695.25,11695.25,11695.25
2022-06-29 12:04:00,11696.25,11696.25,11696.25,11696.25
2022-06-29 12:05:00,11696.75,11696.75,11696.75,11696.75
2022-06-29 12:05:00,11694.0,11694.0,11694.0,11694.0
2022-06-29 12:06:00,11696.75,11696.75,11696.75,11696.75
2022-06-29 12:06:00,11695.0,11695.0,11695.0,11695.0
2022-06-29 12:07:00,11694.5,11694.5,11694.5,11694.5
2022-06-29 12:07:00,11691.25,11691.25,11691.25,11691.25
2022-06-29 12:08:00,11691.5,11691.5,11691.5,11691.5
2022-06-29 12:08:00,11692.0,11692.0,11692.0,11692.0
2022-06-29 12:09:00,11692.75,11692.75,11692.75,11692.75
2022-06-29 12:09:00,11694.5,11694.5,11694.5,11694.5
2022-06-29 12:10:00,11693.0,11693.0,11693.0,11693.0
2022-06-29 12:10:00,11693.0,11693.0,11693.0,11693.0
2022-06-29 12:11:00,11693.0,11693.0,11693.0,11693.0
2022-06-29 12:11:00,11693.0,11693.0,11693.0,11693.0
2022-06-29 12:12:00,11693.0,11693.0,11693.0,11693.0
2022-06-29 12:12:00,11693.0,11693.0,11693.0,11693.0
2022-06-29 12:13:00,11693.0,11693.0,11693.0,11693.0
2022-06-29 12:13:00,11693.0,11693.0,11693.0,11693.0
2022-06-29 12:14:00,11693.0,11693.0,11693.0,11693.0
2022-06-29 12:14:00,11693.0,11693.0,11693.0,11693.0
2022-06-29 12:15:00,11693.0,11693.0,11693.0,11693.0
2022-06-29 12:15:00,11693.0,11693.0,11693.0,11693.0
2022-06-29 12:16:00,11693.0,11693.0,11693.0,11693.0
2022-06-29 12:16:00,11693.0,11693.0,11693.0,11693.0
2022-06-29 12:17:00,11693.0,11693.0,11693.0,11693.0
2022-06-29 12:17:00,11693.0,11693.0,11693.0,11693.0
2022-06-29 12:18:00,11693.0,11693.0,11693.0,11693.0
2022-06-29 12:18:00,11693.0,11693.0,11693.0,11693.0
2022-06-29 12:19:00,11694.75,11694.75,11694.75,11694.75
2022-06-29 12:19:00,11690.75,11690.75,11690.75,11690.75
2022-06-29 12:20:00,11692.75,11692.75,11692.75,11692.75
2022-06-29 12:20:00,11693.0,11693.0,11693.0,11693.0
2022-06-29 12:21:00,11692.5,11692.5,11692.5,11692.5
2022-06-29 12:21:00,11693.25,11693.25,11693.25,11693.25
2022-06-29 12:22:00,11693.5,11693.5,11693.5,11693.5
2022-06-29 12:22:00,11693.75,11693.75,11693.75,11693.75
2022-06-29 12:23:00,11694.0,11694.0,11694.0,11694.0
2022-06-29 12:23:00,11693.0,11693.0,11693.0,11693.0
2022-06-29 12:24:00,11693.0,11693.0,11693.0,11693.0
2022-06-29 12:24:00,11695.25,11695.25,11695.25,11695.25
2022-06-29 12:25:00,11693.75,11693.75,11693.75,11693.75
2022-06-29 12:25:00,11694.0,11694.0,11694.0,11694.0
2022-06-29 12:26:00,11694.75,11694.75,11694.75,11694.75
2022-06-29 12:26:00,11692.0,11692.0,11692.0,11692.0
2022-06-29 12:27:00,11692.25,11692.25,11692.25,11692.25
2022-06-29 12:27:00,11691.5,11691.5,11691.5,11691.5
2022-06-29 12:28:00,11692.75,11692.75,11692.75,11692.75
2022-06-29 12:28:00,11691.75,11691.75,11691.75,11691.75
2022-06-29 12:29:00,11692.25,11692.25,11692.25,11692.25
2022-06-29 12:29:00,11693.75,11693.75,11693.75,11693.75
2022-06-29 12:30:00,11693.75,11693.75,11693.75,11693.75
2022-06-29 12:30:00,11693.0,11693.0,11693.0,11693.0
2022-06-29 12:31:00,11691.75,11691.75,11691.75,11691.75
2022-06-29 12:31:00,11691.0,11691.0,11691.0,11691.0
2022-06-29 12:32:00,11692.5,11692.5,11692.5,11692.5
2022-06-29 12:32:00,11693.25,11693.25,11693.25,11693.25
2022-06-29 12:33:00,11694.25,11694.25,11694.25,11694.25
2022-06-29 12:33:00,11694.75,11694.75,11694.75,11694.75
2022-06-29 12:34:00,11693.5,11693.5,11693.5,11693.5
2022-06-29 12:34:00,11693.25,11693.25,11693.25,11693.25
2022-06-29 12:35:00,11693.5,11693.5,11693.5,11693.5
2022-06-29 12:36:00,11695.0,11695.0,11695.0,11695.0
2022-06-29 12:37:00,11694.25,11694.25,11694.25,11694.25
2022-06-29 12:37:00,11693.0,11693.0,11693.0,11693.0
2022-06-29 12:38:00,11690.5,11690.5,11690.5,11690.5
2022-06-29 12:39:00,11690.5,11690.5,11690.5,11690.5
2022-06-29 12:39:00,11691.5,11691.5,11691.5,11691.5
2022-06-29 12:39:00,11691.5,11691.5,11691.5,11691.5
2022-06-29 12:40:00,11691.5,11691.5,11691.5,11691.5
2022-06-29 12:40:00,11690.25,11690.25,11690.25,11690.25
2022-06-29 12:40:00,11686.5,11686.5,11686.5,11686.5
2022-06-29 12:41:00,11687.5,11687.5,11687.5,11687.5
2022-06-29 12:41:00,11701.0,11701.0,11701.0,11701.0
2022-06-29 12:41:00,11701.0,11701.0,11701.0,11701.0
2022-06-29 12:42:00,11711.25,11711.25,11711.25,11711.25
2022-06-29 12:42:00,11713.5,11713.5,11713.5,11713.5
2022-06-29 12:43:00,11712.5,11712.5,11712.5,11712.5
2022-06-29 12:43:00,11711.75,11711.75,11711.75,11711.75
2022-06-29 12:44:00,11711.75,11711.75,11711.75,11711.75
2022-06-29 12:45:00,11710.5,11710.5,11710.5,11710.5
2022-06-29 12:45:00,11711.0,11711.0,11711.0,11711.0
2022-06-29 12:46:00,11711.5,11711.5,11711.5,11711.5
2022-06-29 12:47:00,11713.0,11713.0,11713.0,11713.0
2022-06-29 12:47:00,11711.25,11711.25,11711.25,11711.25
2022-06-29 12:48:00,11714.0,11714.0,11714.0,11714.0
2022-06-29 12:48:00,11712.75,11712.75,11712.75,11712.75
2022-06-29 12:49:00,11710.5,11710.5,11710.5,11710.5
2022-06-29 12:49:00,11711.25,11711.25,11711.25,11711.25
2022-06-29 12:50:00,11711.25,11711.25,11711.25,11711.25
2022-06-29 12:50:00,11710.5,11710.5,11710.5,11710.5
2022-06-29 12:51:00,11708.5,11708.5,11708.5,11708.5
2022-06-29 12:51:00,11710.0,11710.0,11710.0,11710.0
2022-06-29 12:52:00,11715.0,11715.0,11715.0,11715.0
2022-06-29 12:52:00,11716.0,11716.0,11716.0,11716.0
2022-06-29 12:53:00,11716.75,11716.75,11716.75,11716.75
2022-06-29 12:53:00,11716.75,11716.75,11716.75,11716.75
2022-06-29 12:54:00,11717.25,11717.25,11717.25,11717.25
2022-06-29 12:55:00,11717.5,11717.5,11717.5,11717.5
2022-06-29 12:56:00,11715.0,11715.0,11715.0,11715.0
2022-06-29 12:57:00,11715.0,11715.0,11715.0,11715.0
2022-06-29 12:57:00,11715.0,11715.0,11715.0,11715.0
2022-06-29 12:58:00,11714.25,11714.25,11714.25,11714.25
2022-06-29 12:58:00,11715.25,11715.25,11715.25,11715.25
2022-06-29 12:59:00,11714.75,11714.75,11714.75,11714.75
2022-06-29 13:00:00,11713.5,11713.5,11713.5,11713.5
2022-06-29 13:00:00,11714.75,11714.75,11714.75,11714.75
2022-06-29 13:01:00,11714.0,11714.0,11714.0,11714.0
2022-06-29 13:02:00,11713.25,11713.25,11713.25,11713.25
2022-06-29 13:03:00,11714.25,11714.25,11714.25,11714.25
2022-06-29 13:03:00,11713.75,11713.75,11713.75,11713.75
2022-06-29 13:04:00,11713.0,11713.0,11713.0,11713.0
2022-06-29 13:05:00,11711.25,11711.25,11711.25,11711.25
2022-06-29 13:10:00,11713.75,11713.75,11713.75,11713.75
2022-06-29 13:11:00,11713.0,11713.0,11713.0,11713.0
2022-06-29 13:11:00,11707.25,11707.25,11707.25,11707.25
2022-06-29 13:12:00,11705.75,11705.75,11705.75,11705.75
2022-06-29 13:12:00,11708.5,11708.5,11708.5,11708.5
2022-06-29 13:13:00,11708.75,11708.75,11708.75,11708.75
2022-06-29 13:13:00,11712.75,11712.75,11712.75,11712.75
2022-06-29 13:14:00,11714.25,11714.25,11714.25,11714.25
2022-06-29 13:14:00,11719.5,11719.5,11719.5,11719.5
2022-06-29 13:15:00,11719.5,11719.5,11719.5,11719.5
2022-06-29 13:15:00,11718.5,11718.5,11718.5,11718.5
2022-06-29 13:16:00,11718.25,11718.25,11718.25,11718.25
2022-06-29 13:16:00,11719.5,11719.5,11719.5,11719.5
2022-06-29 13:17:00,11718.5,11718.5,11718.5,11718.5
