2022-06-16 23:59:00,11121.5,11121.5,11121.5,11121.5
2022-06-17,11132.75,11132.75,11132.75,11132.75
2022-06-17 00:01:00,11127.0,11127.0,11127.0,11127.0
2022-06-17 00:02:00,11130.0,11130.0,11130.0,11130.0
2022-06-17 00:03:00,11127.25,11127.25,11127.25,11127.25
2022-06-17 00:04:00,11126.25,11126.25,11126.25,11126.25
2022-06-17 00:05:00,11122.5,11122.5,11122.5,11122.5
2022-06-17 00:06:00,11132.0,11132.0,11132.0,11132.0
2022-06-17 00:07:00,11135.5,11135.5,11135.5,11135.5
2022-06-17 00:08:00,11142.5,11142.5,11142.5,11142.5
2022-06-17 00:09:00,11147.75,11147.75,11147.75,11147.75
2022-06-17 00:10:00,11153.25,11153.25,11153.25,11153.25
2022-06-17 00:11:00,11158.25,11158.25,11158.25,11158.25
2022-06-17 00:12:00,11139.25,11139.25,11139.25,11139.25
2022-06-17 00:13:00,11134.75,11134.75,11134.75,11134.75
2022-06-17 00:14:00,11145.25,11145.25,11145.25,11145.25
2022-06-17 00:15:00,11133.5,11133.5,11133.5,11133.5
2022-06-17 00:16:00,11140.25,11140.25,11140.25,11140.25
2022-06-17 00:17:00,11121.25,11121.25,11121.25,11121.25
2022-06-17 00:18:00,11118.0,11118.0,11118.0,11118.0
2022-06-17 00:19:00,11115.75,11115.75,11115.75,11115.75
2022-06-17 00:20:00,11122.5,11122.5,11122.5,11122.5
2022-06-17 00:21:00,11127.5,11127.5,11127.5,11127.5
2022-06-17 00:22:00,11119.25,11119.25,11119.25,11119.25
2022-06-17 00:23:00,11119.5,11119.5,11119.5,11119.5
2022-06-17 00:24:00,11113.0,11113.0,11113.0,11113.0
2022-06-17 00:25:00,11118.75,11118.75,11118.75,11118.75
2022-06-17 00:26:00,11127.25,11127.25,11127.25,11127.25
2022-06-17 00:27:00,11116.5,11116.5,11116.5,11116.5
2022-06-17 00:28:00,11136.25,11136.25,11136.25,11136.25
2022-06-17 00:29:00,11130.25,11130.25,11130.25,11130.25
2022-06-17 00:30:00,11120.5,11120.5,11120.5,11120.5
2022-06-17 00:31:00,11138.25,11138.25,11138.25,11138.25
2022-06-17 00:32:00,11134.5,11134.5,11134.5,11134.5
2022-06-17 00:33:00,11126.25,11126.25,11126.25,11126.25
2022-06-17 00:34:00,11128.0,11128.0,11128.0,11128.0
2022-06-17 00:35:00,11129.5,11129.5,11129.5,11129.5
2022-06-17 00:36:00,11140.0,11140.0,11140.0,11140.0
2022-06-17 00:37:00,11150.0,11150.0,11150.0,11150.0
2022-06-17 00:38:00,11146.0,11146.0,11146.0,11146.0
2022-06-17 00:39:00,11145.75,11145.75,11145.75,11145.75
2022-06-17 00:40:00,11157.75,11157.75,11157.75,11157.75
2022-06-17 00:41:00,11144.25,11144.25,11144.25,11144.25
2022-06-17 00:42:00,11140.0,11140.0,11140.0,11140.0
2022-06-17 00:43:00,11149.25,11149.25,11149.25,11149.25
2022-06-17 00:44:00,11161.25,11161.25,11161.25,11161.25
2022-06-17 00:45:00,11144.5,11144.5,11144.5,11144.5
2022-06-17 00:46:00,11129.0,11129.0,11129.0,11129.0
2022-06-17 00:47:00,11130.25,11130.25,11130.25,11130.25
2022-06-17 00:48:00,11135.0,11135.0,11135.0,11135.0
2022-06-17 00:49:00,11144.5,11144.5,11144.5,11144.5
2022-06-17 00:50:00,11145.0,11145.0,11145.0,11145.0
2022-06-17 00:51:00,11150.75,11150.75,11150.75,11150.75
2022-06-17 00:52:00,11144.0,11144.0,11144.0,11144.0
2022-06-17 00:53:00,11145.0,11145.0,11145.0,11145.0
2022-06-17 00:54:00,11163.0,11163.0,11163.0,11163.0
2022-06-17 00:55:00,11158.5,11158.5,11158.5,11158.5
2022-06-17 00:56:00,11175.0,11175.0,11175.0,11175.0
2022-06-17 00:57:00,11164.25,11164.25,11164.25,11164.25
2022-06-17 00:58:00,11161.75,11161.75,11161.75,11161.75
2022-06-17 00:59:00,11174.0,11174.0,11174.0,11174.0
2022-06-17 01:00:00,11173.75,11173.75,11173.75,11173.75
2022-06-17 01:01:00,11175.0,11175.0,11175.0,11175.0
2022-06-17 01:02:00,11162.5,11162.5,11162.5,11162.5
2022-06-17 01:03:00,11167.5,11167.5,11167.5,11167.5
2022-06-17 01:04:00,11163.0,11163.0,11163.0,11163.0
2022-06-17 01:05:00,11156.0,11156.0,11156.0,11156.0
2022-06-17 01:06:00,11150.5,11150.5,11150.5,11150.5
2022-06-17 01:07:00,11154.75,11154.75,11154.75,11154.75
2022-06-17 01:08:00,11156.0,11156.0,11156.0,11156.0
2022-06-17 01:09:00,11152.0,11152.0,11152.0,11152.0
2022-06-17 01:10:00,11169.0,11169.0,11169.0,11169.0
2022-06-17 01:11:00,11178.5,11178.5,11178.5,11178.5
2022-06-17 01:12:00,11171.25,11171.25,11171.25,11171.25
2022-06-17 01:13:00,11171.5,11171.5,11171.5,11171.5
2022-06-17 01:14:00,11161.5,11161.5,11161.5,11161.5
2022-06-17 01:15:00,11160.0,11160.0,11160.0,11160.0
2022-06-17 01:16:00,11151.75,11151.75,11151.75,11151.75
2022-06-17 01:17:00,11175.0,11175.0,11175.0,11175.0
2022-06-17 01:18:00,11192.5,11192.5,11192.5,11192.5
2022-06-17 01:19:00,11181.25,11181.25,11181.25,11181.25
2022-06-17 01:20:00,11172.5,11172.5,11172.5,11172.5
2022-06-17 01:21:00,11171.5,11171.5,11171.5,11171.5
2022-06-17 01:22:00,11179.25,11179.25,11179.25,11179.25
2022-06-17 01:23:00,11170.5,11170.5,11170.5,11170.5
2022-06-17 01:24:00,11167.25,11167.25,11167.25,11167.25
2022-06-17 01:25:00,11176.25,11176.25,11176.25,11176.25
2022-06-17 01:26:00,11170.75,11170.75,11170.75,11170.75
2022-06-17 01:27:00,11172.75,11172.75,11172.75,11172.75
2022-06-17 01:28:00,11180.5,11180.5,11180.5,11180.5
2022-06-17 01:29:00,11169.25,11169.25,11169.25,11169.25
2022-06-17 01:30:00,11159.75,11159.75,11159.75,11159.75
2022-06-17 01:31:00,11149.0,11149.0,11149.0,11149.0
2022-06-17 01:32:00,11152.5,11152.5,11152.5,11152.5
2022-06-17 01:33:00,11148.75,11148.75,11148.75,11148.75
2022-06-17 01:34:00,11143.25,11143.25,11143.25,11143.25
2022-06-17 01:35:00,11143.0,11143.0,11143.0,11143.0
2022-06-17 01:36:00,11147.0,11147.0,11147.0,11147.0
2022-06-17 01:37:00,11148.25,11148.25,11148.25,11148.25
2022-06-17 01:38:00,11186.75,11186.75,11186.75,11186.75
2022-06-17 01:39:00,11200.25,11200.25,11200.25,11200.25
2022-06-17 01:40:00,11172.5,11172.5,11172.5,11172.5
2022-06-17 01:41:00,11187.75,11187.75,11187.75,11187.75
2022-06-17 01:42:00,11165.25,11165.25,11165.25,11165.25
2022-06-17 01:43:00,11177.25,11177.25,11177.25,11177.25
2022-06-17 01:44:00,11169.75,11169.75,11169.75,11169.75
2022-06-17 01:45:00,11172.25,11172.25,11172.25,11172.25
2022-06-17 01:46:00,11164.0,11164.0,11164.0,11164.0
2022-06-17 01:47:00,11149.25,11149.25,11149.25,11149.25
2022-06-17 01:48:00,11152.0,11152.0,11152.0,11152.0
2022-06-17 01:49:00,11164.75,11164.75,11164.75,11164.75
2022-06-17 01:50:00,11170.5,11170.5,11170.5,11170.5
2022-06-17 01:51:00,11152.5,11152.5,11152.5,11152.5
2022-06-17 01:52:00,11151.75,11151.75,11151.75,11151.75
2022-06-17 01:53:00,11143.5,11143.5,11143.5,11143.5
2022-06-17 01:54:00,11138.25,11138.25,11138.25,11138.25
2022-06-17 01:55:00,11128.5,11128.5,11128.5,11128.5
2022-06-17 01:56:00,11133.5,11133.5,11133.5,11133.5
2022-06-17 01:57:00,11122.75,11122.75,11122.75,11122.75
2022-06-17 01:58:00,11115.5,11115.5,11115.5,11115.5
2022-06-17 01:59:00,11116.5,11116.5,11116.5,11116.5
2022-06-17 02:00:00,11119.25,11119.25,11119.25,11119.25
2022-06-17 02:01:00,11115.75,11115.75,11115.75,11115.75
2022-06-17 02:02:00,11113.75,11113.75,11113.75,11113.75
2022-06-17 02:03:00,11120.25,11120.25,11120.25,11120.25
2022-06-17 02:04:00,11118.75,11118.75,11118.75,11118.75
2022-06-17 02:05:00,11114.75,11114.75,11114.75,11114.75
2022-06-17 02:06:00,11106.0,11106.0,11106.0,11106.0
2022-06-17 02:07:00,11116.25,11116.25,11116.25,11116.25
2022-06-17 02:08:00,11102.5,11102.5,11102.5,11102.5
2022-06-17 02:09:00,11092.5,11092.5,11092.5,11092.5
2022-06-17 02:10:00,11085.0,11085.0,11085.0,11085.0
2022-06-17 02:11:00,11094.0,11094.0,11094.0,11094.0
2022-06-17 02:12:00,11091.5,11091.5,11091.5,11091.5
2022-06-17 02:13:00,11101.25,11101.25,11101.25,11101.25
2022-06-17 02:14:00,11101.0,11101.0,11101.0,11101.0
2022-06-17 02:15:00,11098.75,11098.75,11098.75,11098.75
2022-06-17 02:16:00,11089.0,11089.0,11089.0,11089.0
2022-06-17 02:17:00,11086.5,11086.5,11086.5,11086.5
2022-06-17 02:18:00,11080.25,11080.25,11080.25,11080.25
2022-06-17 02:19:00,11078.0,11078.0,11078.0,11078.0
2022-06-17 02:20:00,11080.75,11080.75,11080.75,11080.75
2022-06-17 02:21:00,11082.75,11082.75,11082.75,11082.75
2022-06-17 02:22:00,11079.5,11079.5,11079.5,11079.5
2022-06-17 02:23:00,11081.0,11081.0,11081.0,11081.0
2022-06-17 02:24:00,11087.5,11087.5,11087.5,11087.5
2022-06-17 02:25:00,11087.5,11087.5,11087.5,11087.5
2022-06-17 02:26:00,11085.0,11085.0,11085.0,11085.0
2022-06-17 02:27:00,11077.75,11077.75,11077.75,11077.75
2022-06-17 02:28:00,11078.25,11078.25,11078.25,11078.25
2022-06-17 02:29:00,11083.75,11083.75,11083.75,11083.75
2022-06-17 02:30:00,11083.0,11083.0,11083.0,11083.0
2022-06-17 02:31:00,11085.5,11085.5,11085.5,11085.5
2022-06-17 02:32:00,11078.0,11078.0,11078.0,11078.0
2022-06-17 02:33:00,11072.25,11072.25,11072.25,11072.25
2022-06-17 02:34:00,11072.25,11072.25,11072.25,11072.25
2022-06-17 02:35:00,11074.75,11074.75,11074.75,11074.75
2022-06-17 02:36:00,11074.75,11074.75,11074.75,11074.75
2022-06-17 02:37:00,11072.75,11072.75,11072.75,11072.75
2022-06-17 02:38:00,11073.0,11073.0,11073.0,11073.0
2022-06-17 02:39:00,11067.5,11067.5,11067.5,11067.5
2022-06-17 02:40:00,11070.0,11070.0,11070.0,11070.0
2022-06-17 02:41:00,11083.75,11083.75,11083.75,11083.75
2022-06-17 02:42:00,11072.25,11072.25,11072.25,11072.25
2022-06-17 02:43:00,11068.5,11068.5,11068.5,11068.5
2022-06-17 02:44:00,11065.25,11065.25,11065.25,11065.25
2022-06-17 02:45:00,11067.0,11067.0,11067.0,11067.0
2022-06-17 02:46:00,11071.75,11071.75,11071.75,11071.75
2022-06-17 02:47:00,11065.25,11065.25,11065.25,11065.25
2022-06-17 02:48:00,11077.0,11077.0,11077.0,11077.0
2022-06-17 02:49:00,11080.75,11080.75,11080.75,11080.75
2022-06-17 02:50:00,11091.75,11091.75,11091.75,11091.75
2022-06-17 02:51:00,11103.5,11103.5,11103.5,11103.5
2022-06-17 02:52:00,11091.25,11091.25,11091.25,11091.25
2022-06-17 02:53:00,11087.75,11087.75,11087.75,11087.75
2022-06-17 02:54:00,11078.25,11078.25,11078.25,11078.25
2022-06-17 02:55:00,11085.0,11085.0,11085.0,11085.0
2022-06-17 02:56:00,11087.5,11087.5,11087.5,11087.5
2022-06-17 02:57:00,11076.75,11076.75,11076.75,11076.75
2022-06-17 02:58:00,11065.5,11065.5,11065.5,11065.5
2022-06-17 02:59:00,11045.25,11045.25,11045.25,11045.25
2022-06-17 03:00:00,11052.5,11052.5,11052.5,11052.5
2022-06-17 03:01:00,11047.0,11047.0,11047.0,11047.0
2022-06-17 03:02:00,11045.0,11045.0,11045.0,11045.0
2022-06-17 03:03:00,11043.75,11043.75,11043.75,11043.75
2022-06-17 03:04:00,11043.75,11043.75,11043.75,11043.75
2022-06-17 03:05:00,11038.0,11038.0,11038.0,11038.0
2022-06-17 03:06:00,11052.0,11052.0,11052.0,11052.0
2022-06-17 03:07:00,11054.25,11054.25,11054.25,11054.25
2022-06-17 03:08:00,11052.0,11052.0,11052.0,11052.0
2022-06-17 03:09:00,11061.75,11061.75,11061.75,11061.75
2022-06-17 03:10:00,11077.75,11077.75,11077.75,11077.75
2022-06-17 03:11:00,11080.0,11080.0,11080.0,11080.0
2022-06-17 03:12:00,11103.75,11103.75,11103.75,11103.75
2022-06-17 03:13:00,11098.25,11098.25,11098.25,11098.25
2022-06-17 03:14:00,11120.25,11120.25,11120.25,11120.25
2022-06-17 03:15:00,11097.0,11097.0,11097.0,11097.0
2022-06-17 03:16:00,11099.0,11099.0,11099.0,11099.0
2022-06-17 03:17:00,11097.25,11097.25,11097.25,11097.25
2022-06-17 03:18:00,11098.75,11098.75,11098.75,11098.75
2022-06-17 03:19:00,11114.0,11114.0,11114.0,11114.0
2022-06-17 03:20:00,11134.25,11134.25,11134.25,11134.25
2022-06-17 03:21:00,11126.25,11126.25,11126.25,11126.25
2022-06-17 03:22:00,11113.5,11113.5,11113.5,11113.5
2022-06-17 03:23:00,11099.0,11099.0,11099.0,11099.0
2022-06-17 03:24:00,11105.25,11105.25,11105.25,11105.25
2022-06-17 03:25:00,11097.75,11097.75,11097.75,11097.75
2022-06-17 03:26:00,11090.25,11090.25,11090.25,11090.25
2022-06-17 03:27:00,11095.75,11095.75,11095.75,11095.75
2022-06-17 03:28:00,11097.25,11097.25,11097.25,11097.25
2022-06-17 03:29:00,11106.0,11106.0,11106.0,11106.0
2022-06-17 03:30:00,11121.5,11121.5,11121.5,11121.5
2022-06-17 03:31:00,11121.0,11121.0,11121.0,11121.0
2022-06-17 03:32:00,11115.5,11115.5,11115.5,11115.5
2022-06-17 03:33:00,11116.5,11116.5,11116.5,11116.5
2022-06-17 03:34:00,11124.75,11124.75,11124.75,11124.75
2022-06-17 03:35:00,11114.25,11114.25,11114.25,11114.25
2022-06-17 03:36:00,11131.25,11131.25,11131.25,11131.25
2022-06-17 03:37:00,11145.0,11145.0,11145.0,11145.0
2022-06-17 03:38:00,11146.5,11146.5,11146.5,11146.5
2022-06-17 03:39:00,11132.25,11132.25,11132.25,11132.25
2022-06-17 03:40:00,11132.25,11132.25,11132.25,11132.25
2022-06-17 03:41:00,11133.75,11133.75,11133.75,11133.75
2022-06-17 03:42:00,11109.75,11109.75,11109.75,11109.75
2022-06-17 03:43:00,11108.0,11108.0,11108.0,11108.0
2022-06-17 03:44:00,11089.5,11089.5,11089.5,11089.5
2022-06-17 03:45:00,11082.0,11082.0,11082.0,11082.0
2022-06-17 03:46:00,11093.25,11093.25,11093.25,11093.25
2022-06-17 03:47:00,11096.25,11096.25,11096.25,11096.25
2022-06-17 03:48:00,11086.75,11086.75,11086.75,11086.75
2022-06-17 03:49:00,11101.25,11101.25,11101.25,11101.25
2022-06-17 03:50:00,11113.0,11113.0,11113.0,11113.0
2022-06-17 03:51:00,11119.5,11119.5,11119.5,11119.5
2022-06-17 03:52:00,11093.25,11093.25,11093.25,11093.25
2022-06-17 03:53:00,11101.5,11101.5,11101.5,11101.5
2022-06-17 03:54:00,11090.25,11090.25,11090.25,11090.25
2022-06-17 03:55:00,11090.0,11090.0,11090.0,11090.0
2022-06-17 03:56:00,11082.0,11082.0,11082.0,11082.0
2022-06-17 03:57:00,11072.25,11072.25,11072.25,11072.25
2022-06-17 03:58:00,11082.5,11082.5,11082.5,11082.5
2022-06-17 03:59:00,11062.25,11062.25,11062.25,11062.25
2022-06-17 04:00:00,11075.75,11075.75,11075.75,11075.75
2022-06-17 04:01:00,11074.0,11074.0,11074.0,11074.0
2022-06-17 04:02:00,11080.0,11080.0,11080.0,11080.0
2022-06-17 04:03:00,11094.0,11094.0,11094.0,11094.0
2022-06-17 04:04:00,11079.75,11079.75,11079.75,11079.75
2022-06-17 04:05:00,11093.25,11093.25,11093.25,11093.25
2022-06-17 04:06:00,11109.0,11109.0,11109.0,11109.0
2022-06-17 04:07:00,11118.5,11118.5,11118.5,11118.5
2022-06-17 04:08:00,11120.25,11120.25,11120.25,11120.25
2022-06-17 04:09:00,11120.25,11120.25,11120.25,11120.25
2022-06-17 04:10:00,11121.25,11121.25,11121.25,11121.25
2022-06-17 04:11:00,11146.5,11146.5,11146.5,11146.5
2022-06-17 04:12:00,11139.5,11139.5,11139.5,11139.5
2022-06-17 04:13:00,11144.75,11144.75,11144.75,11144.75
2022-06-17 04:14:00,11138.5,11138.5,11138.5,11138.5
2022-06-17 04:15:00,11146.0,11146.0,11146.0,11146.0
2022-06-17 04:16:00,11155.5,11155.5,11155.5,11155.5
2022-06-17 04:17:00,11154.75,11154.75,11154.75,11154.75
2022-06-17 04:18:00,11156.25,11156.25,11156.25,11156.25
2022-06-17 04:19:00,11133.0,11133.0,11133.0,11133.0
2022-06-17 04:20:00,11130.0,11130.0,11130.0,11130.0
2022-06-17 04:21:00,11133.25,11133.25,11133.25,11133.25
2022-06-17 04:22:00,11151.25,11151.25,11151.25,11151.25
2022-06-17 04:23:00,11147.25,11147.25,11147.25,11147.25
2022-06-17 04:24:00,11156.75,11156.75,11156.75,11156.75
2022-06-17 04:25:00,11160.0,11160.0,11160.0,11160.0
2022-06-17 04:26:00,11143.0,11143.0,11143.0,11143.0
2022-06-17 04:27:00,11156.0,11156.0,11156.0,11156.0
2022-06-17 04:28:00,11148.0,11148.0,11148.0,11148.0
2022-06-17 04:29:00,11140.0,11140.0,11140.0,11140.0
2022-06-17 04:30:00,11140.25,11140.25,11140.25,11140.25
2022-06-17 04:31:00,11140.75,11140.75,11140.75,11140.75
2022-06-17 04:32:00,11141.0,11141.0,11141.0,11141.0
2022-06-17 04:33:00,11138.0,11138.0,11138.0,11138.0
2022-06-17 04:34:00,11144.75,11144.75,11144.75,11144.75
2022-06-17 04:35:00,11143.5,11143.5,11143.5,11143.5
2022-06-17 04:36:00,11143.0,11143.0,11143.0,11143.0
2022-06-17 04:37:00,11151.75,11151.75,11151.75,11151.75
2022-06-17 04:38:00,11151.75,11151.75,11151.75,11151.75
2022-06-17 04:39:00,11157.5,11157.5,11157.5,11157.5
2022-06-17 04:40:00,11154.75,11154.75,11154.75,11154.75
2022-06-17 04:41:00,11155.0,11155.0,11155.0,11155.0
2022-06-17 04:42:00,11153.5,11153.5,11153.5,11153.5
2022-06-17 04:43:00,11153.5,11153.5,11153.5,11153.5
2022-06-17 04:44:00,11156.25,11156.25,11156.25,11156.25
2022-06-17 04:45:00,11152.75,11152.75,11152.75,11152.75
2022-06-17 04:46:00,11153.5,11153.5,11153.5,11153.5
2022-06-17 04:47:00,11153.0,11153.0,11153.0,11153.0
2022-06-17 04:48:00,11149.5,11149.5,11149.5,11149.5
2022-06-17 04:49:00,11151.0,11151.0,11151.0,11151.0
2022-06-17 04:50:00,11148.25,11148.25,11148.25,11148.25
2022-06-17 04:51:00,11144.75,11144.75,11144.75,11144.75
2022-06-17 04:52:00,11146.75,11146.75,11146.75,11146.75
2022-06-17 04:53:00,11147.25,11147.25,11147.25,11147.25
2022-06-17 04:54:00,11150.25,11150.25,11150.25,11150.25
2022-06-17 04:55:00,11153.25,11153.25,11153.25,11153.25
2022-06-17 04:56:00,11152.0,11152.0,11152.0,11152.0
2022-06-17 04:57:00,11158.0,11158.0,11158.0,11158.0
2022-06-17 04:58:00,11166.0,11166.0,11166.0,11166.0
2022-06-17 04:59:00,11161.75,11161.75,11161.75,11161.75
2022-06-17 05:00:00,11167.5,11167.5,11167.5,11167.5
2022-06-17 05:01:00,11165.25,11165.25,11165.25,11165.25
2022-06-17 05:02:00,11164.0,11164.0,11164.0,11164.0
2022-06-17 05:03:00,11171.0,11171.0,11171.0,11171.0
2022-06-17 05:04:00,11172.25,11172.25,11172.25,11172.25
2022-06-17 05:05:00,11170.0,11170.0,11170.0,11170.0
2022-06-17 05:06:00,11169.25,11169.25,11169.25,11169.25
2022-06-17 05:07:00,11164.0,11164.0,11164.0,11164.0
2022-06-17 05:08:00,11171.25,11171.25,11171.25,11171.25
2022-06-17 05:09:00,11171.25,11171.25,11171.25,11171.25
2022-06-17 05:10:00,11173.25,11173.25,11173.25,11173.25
2022-06-17 05:11:00,11173.25,11173.25,11173.25,11173.25
2022-06-17 05:12:00,11173.25,11173.25,11173.25,11173.25
2022-06-17 05:13:00,11173.25,11173.25,11173.25,11173.25
2022-06-17 05:14:00,11173.25,11173.25,11173.25,11173.25
2022-06-17 05:15:00,11173.25,11173.25,11173.25,11173.25
2022-06-17 05:16:00,11173.25,11173.25,11173.25,11173.25
2022-06-17 05:17:00,11173.25,11173.25,11173.25,11173.25
2022-06-17 05:18:00,11173.25,11173.25,11173.25,11173.25
2022-06-17 05:19:00,11173.25,11173.25,11173.25,11173.25
2022-06-17 05:20:00,11173.25,11173.25,11173.25,11173.25
2022-06-17 05:21:00,11173.25,11173.25,11173.25,11173.25
2022-06-17 05:22:00,11173.25,11173.25,11173.25,11173.25
2022-06-17 05:23:00,11173.25,11173.25,11173.25,11173.25
2022-06-17 05:24:00,11173.25,11173.25,11173.25,11173.25
2022-06-17 05:25:00,11173.25,11173.25,11173.25,11173.25
2022-06-17 05:26:00,11173.25,11173.25,11173.25,11173.25
2022-06-17 05:27:00,11173.25,11173.25,11173.25,11173.25
2022-06-17 05:28:00,11173.25,11173.25,11173.25,11173.25
2022-06-17 05:29:00,11173.25,11173.25,11173.25,11173.25
2022-06-17 05:30:00,11173.25,11173.25,11173.25,11173.25
2022-06-17 05:31:00,11173.25,11173.25,11173.25,11173.25
2022-06-17 05:32:00,11173.25,11173.25,11173.25,11173.25
2022-06-17 05:33:00,11173.25,11173.25,11173.25,11173.25
2022-06-17 05:34:00,11173.25,11173.25,11173.25,11173.25
2022-06-17 05:35:00,11173.25,11173.25,11173.25,11173.25
2022-06-17 05:36:00,11173.25,11173.25,11173.25,11173.25
2022-06-17 05:37:00,11173.25,11173.25,11173.25,11173.25
2022-06-17 05:38:00,11173.25,11173.25,11173.25,11173.25
2022-06-17 05:39:00,11173.25,11173.25,11173.25,11173.25
2022-06-17 05:40:00,11173.25,11173.25,11173.25,11173.25
2022-06-17 05:41:00,11173.25,11173.25,11173.25,11173.25
2022-06-17 05:42:00,11173.25,11173.25,11173.25,11173.25
2022-06-17 05:43:00,11173.25,11173.25,11173.25,11173.25
2022-06-17 05:44:00,11173.25,11173.25,11173.25,11173.25
2022-06-17 05:45:00,11173.25,11173.25,11173.25,11173.25
2022-06-17 05:46:00,11173.25,11173.25,11173.25,11173.25
2022-06-17 05:47:00,11173.25,11173.25,11173.25,11173.25
2022-06-17 05:48:00,11173.25,11173.25,11173.25,11173.25
2022-06-17 05:49:00,11173.25,11173.25,11173.25,11173.25
2022-06-17 05:50:00,11173.25,11173.25,11173.25,11173.25
2022-06-17 05:51:00,11173.25,11173.25,11173.25,11173.25
2022-06-17 05:52:00,11173.25,11173.25,11173.25,11173.25
2022-06-17 05:53:00,11173.25,11173.25,11173.25,11173.25
2022-06-17 05:54:00,11173.25,11173.25,11173.25,11173.25
2022-06-17 05:55:00,11173.25,11173.25,11173.25,11173.25
2022-06-17 05:56:00,11173.25,11173.25,11173.25,11173.25
2022-06-17 05:57:00,11173.25,11173.25,11173.25,11173.25
2022-06-17 05:58:00,11173.25,11173.25,11173.25,11173.25
2022-06-17 05:59:00,11173.25,11173.25,11173.25,11173.25
2022-06-17 06:00:00,11173.25,11173.25,11173.25,11173.25
2022-06-17 06:01:00,11173.25,11173.25,11173.25,11173.25
2022-06-17 06:02:00,11173.25,11173.25,11173.25,11173.25
2022-06-17 06:03:00,11173.25,11173.25,11173.25,11173.25
2022-06-17 06:04:00,11173.25,11173.25,11173.25,11173.25
2022-06-17 06:05:00,11173.25,11173.25,11173.25,11173.25
2022-06-17 06:06:00,11173.25,11173.25,11173.25,11173.25
2022-06-17 06:07:00,11173.25,11173.25,11173.25,11173.25
2022-06-17 06:08:00,11173.25,11173.25,11173.25,11173.25
2022-06-17 06:09:00,11173.25,11173.25,11173.25,11173.25
2022-06-17 06:10:00,11189.5,11189.5,11189.5,11189.5
2022-06-17 06:11:00,11185.25,11185.25,11185.25,11185.25
2022-06-17 06:12:00,11180.75,11180.75,11180.75,11180.75
2022-06-17 06:13:00,11182.75,11182.75,11182.75,11182.75
2022-06-17 06:14:00,11182.0,11182.0,11182.0,11182.0
2022-06-17 06:15:00,11185.25,11185.25,11185.25,11185.25
2022-06-17 06:16:00,11180.25,11180.25,11180.25,11180.25
2022-06-17 06:17:00,11175.0,11175.0,11175.0,11175.0
2022-06-17 06:18:00,11177.0,11177.0,11177.0,11177.0
2022-06-17 06:19:00,11168.0,11168.0,11168.0,11168.0
2022-06-17 06:20:00,11166.0,11166.0,11166.0,11166.0
2022-06-17 06:21:00,11167.75,11167.75,11167.75,11167.75
2022-06-17 06:22:00,11167.25,11167.25,11167.25,11167.25
2022-06-17 06:23:00,11160.25,11160.25,11160.25,11160.25
2022-06-17 06:24:00,11159.75,11159.75,11159.75,11159.75
2022-06-17 06:25:00,11159.75,11159.75,11159.75,11159.75
2022-06-17 06:26:00,11162.25,11162.25,11162.25,11162.25
2022-06-17 06:27:00,11163.0,11163.0,11163.0,11163.0
2022-06-17 06:28:00,11163.0,11163.0,11163.0,11163.0
2022-06-17 06:29:00,11157.25,11157.25,11157.25,11157.25
2022-06-17 06:30:00,11157.0,11157.0,11157.0,11157.0
2022-06-17 06:31:00,11166.5,11166.5,11166.5,11166.5
2022-06-17 06:32:00,11170.75,11170.75,11170.75,11170.75
2022-06-17 06:33:00,11172.25,11172.25,11172.25,11172.25
2022-06-17 06:34:00,11173.0,11173.0,11173.0,11173.0
2022-06-17 06:35:00,11173.0,11173.0,11173.0,11173.0
2022-06-17 06:36:00,11173.5,11173.5,11173.5,11173.5
2022-06-17 06:37:00,11175.25,11175.25,11175.25,11175.25
2022-06-17 06:38:00,11175.75,11175.75,11175.75,11175.75
2022-06-17 06:39:00,11176.0,11176.0,11176.0,11176.0
2022-06-17 06:40:00,11177.5,11177.5,11177.5,11177.5
2022-06-17 06:41:00,11176.5,11176.5,11176.5,11176.5
2022-06-17 06:42:00,11177.5,11177.5,11177.5,11177.5
2022-06-17 06:43:00,11171.75,11171.75,11171.75,11171.75
2022-06-17 06:44:00,11176.5,11176.5,11176.5,11176.5
2022-06-17 06:45:00,11169.0,11169.0,11169.0,11169.0
2022-06-17 06:46:00,11168.0,11168.0,11168.0,11168.0
2022-06-17 06:47:00,11169.75,11169.75,11169.75,11169.75
2022-06-17 06:48:00,11169.75,11169.75,11169.75,11169.75
2022-06-17 06:49:00,11175.0,11175.0,11175.0,11175.0
2022-06-17 06:50:00,11177.5,11177.5,11177.5,11177.5
2022-06-17 06:51:00,11177.25,11177.25,11177.25,11177.25
2022-06-17 06:52:00,11177.25,11177.25,11177.25,11177.25
2022-06-17 06:53:00,11171.5,11171.5,11171.5,11171.5
2022-06-17 06:54:00,11170.0,11170.0,11170.0,11170.0
2022-06-17 06:55:00,11168.5,11168.5,11168.5,11168.5
2022-06-17 06:56:00,11170.25,11170.25,11170.25,11170.25
2022-06-17 06:57:00,11167.25,11167.25,11167.25,11167.25
2022-06-17 06:58:00,11166.0,11166.0,11166.0,11166.0
2022-06-17 06:59:00,11165.75,11165.75,11165.75,11165.75
2022-06-17 07:00:00,11165.75,11165.75,11165.75,11165.75
2022-06-17 07:01:00,11165.0,11165.0,11165.0,11165.0
2022-06-17 07:02:00,11166.5,11166.5,11166.5,11166.5
2022-06-17 07:03:00,11169.25,11169.25,11169.25,11169.25
2022-06-17 07:04:00,11169.25,11169.25,11169.25,11169.25
2022-06-17 07:05:00,11162.25,11162.25,11162.25,11162.25
2022-06-17 07:06:00,11157.75,11157.75,11157.75,11157.75
2022-06-17 07:07:00,11155.5,11155.5,11155.5,11155.5
2022-06-17 07:08:00,11155.5,11155.5,11155.5,11155.5
2022-06-17 07:09:00,11153.5,11153.5,11153.5,11153.5
2022-06-17 07:10:00,11153.0,11153.0,11153.0,11153.0
2022-06-17 07:11:00,11153.0,11153.0,11153.0,11153.0
2022-06-17 07:12:00,11159.25,11159.25,11159.25,11159.25
2022-06-17 07:13:00,11158.5,11158.5,11158.5,11158.5
2022-06-17 07:14:00,11160.25,11160.25,11160.25,11160.25
2022-06-17 07:15:00,11161.0,11161.0,11161.0,11161.0
2022-06-17 07:16:00,11160.5,11160.5,11160.5,11160.5
2022-06-17 07:17:00,11160.0,11160.0,11160.0,11160.0
2022-06-17 07:18:00,11161.25,11161.25,11161.25,11161.25
2022-06-17 07:19:00,11165.5,11165.5,11165.5,11165.5
2022-06-17 07:20:00,11161.25,11161.25,11161.25,11161.25
2022-06-17 07:21:00,11162.25,11162.25,11162.25,11162.25
2022-06-17 07:22:00,11157.75,11157.75,11157.75,11157.75
2022-06-17 07:23:00,11157.75,11157.75,11157.75,11157.75
2022-06-17 07:24:00,11161.0,11161.0,11161.0,11161.0
2022-06-17 07:25:00,11161.0,11161.0,11161.0,11161.0
2022-06-17 07:26:00,11161.0,11161.0,11161.0,11161.0
2022-06-17 07:27:00,11155.5,11155.5,11155.5,11155.5
2022-06-17 07:28:00,11149.25,11149.25,11149.25,11149.25
2022-06-17 07:29:00,11149.25,11149.25,11149.25,11149.25
2022-06-17 07:30:00,11142.5,11142.5,11142.5,11142.5
2022-06-17 07:31:00,11140.0,11140.0,11140.0,11140.0
2022-06-17 07:32:00,11137.5,11137.5,11137.5,11137.5
2022-06-17 07:33:00,11135.25,11135.25,11135.25,11135.25
2022-06-17 07:34:00,11130.5,11130.5,11130.5,11130.5
2022-06-17 07:35:00,11133.0,11133.0,11133.0,11133.0
2022-06-17 07:36:00,11135.25,11135.25,11135.25,11135.25
2022-06-17 07:37:00,11141.0,11141.0,11141.0,11141.0
2022-06-17 07:38:00,11139.25,11139.25,11139.25,11139.25
2022-06-17 07:39:00,11140.0,11140.0,11140.0,11140.0
2022-06-17 07:40:00,11138.0,11138.0,11138.0,11138.0
2022-06-17 07:41:00,11140.0,11140.0,11140.0,11140.0
2022-06-17 07:42:00,11148.0,11148.0,11148.0,11148.0
2022-06-17 07:43:00,11151.25,11151.25,11151.25,11151.25
2022-06-17 07:44:00,11149.25,11149.25,11149.25,11149.25
2022-06-17 07:45:00,11147.25,11147.25,11147.25,11147.25
2022-06-17 07:46:00,11147.25,11147.25,11147.25,11147.25
2022-06-17 07:47:00,11147.25,11147.25,11147.25,11147.25
2022-06-17 07:48:00,11145.0,11145.0,11145.0,11145.0
2022-06-17 07:49:00,11142.25,11142.25,11142.25,11142.25
2022-06-17 07:50:00,11147.5,11147.5,11147.5,11147.5
2022-06-17 07:51:00,11147.5,11147.5,11147.5,11147.5
2022-06-17 07:52:00,11147.5,11147.5,11147.5,11147.5
2022-06-17 07:53:00,11146.0,11146.0,11146.0,11146.0
2022-06-17 07:54:00,11148.25,11148.25,11148.25,11148.25
2022-06-17 07:55:00,11148.25,11148.25,11148.25,11148.25
2022-06-17 07:56:00,11158.5,11158.5,11158.5,11158.5
2022-06-17 07:57:00,11157.75,11157.75,11157.75,11157.75
2022-06-17 07:58:00,11158.0,11158.0,11158.0,11158.0
2022-06-17 07:59:00,11158.0,11158.0,11158.0,11158.0
2022-06-17 08:00:00,11165.0,11165.0,11165.0,11165.0
2022-06-17 08:01:00,11162.5,11162.5,11162.5,11162.5
2022-06-17 08:02:00,11160.5,11160.5,11160.5,11160.5
2022-06-17 08:03:00,11157.5,11157.5,11157.5,11157.5
2022-06-17 08:04:00,11165.5,11165.5,11165.5,11165.5
2022-06-17 08:05:00,11165.5,11165.5,11165.5,11165.5
2022-06-17 08:06:00,11162.0,11162.0,11162.0,11162.0
2022-06-17 08:07:00,11160.25,11160.25,11160.25,11160.25
2022-06-17 08:08:00,11161.25,11161.25,11161.25,11161.25
2022-06-17 08:09:00,11157.5,11157.5,11157.5,11157.5
2022-06-17 08:10:00,11156.25,11156.25,11156.25,11156.25
2022-06-17 08:11:00,11145.5,11145.5,11145.5,11145.5
2022-06-17 08:12:00,11138.0,11138.0,11138.0,11138.0
2022-06-17 08:13:00,11138.25,11138.25,11138.25,11138.25
2022-06-17 08:14:00,11137.0,11137.0,11137.0,11137.0
2022-06-17 08:15:00,11134.75,11134.75,11134.75,11134.75
2022-06-17 08:16:00,11148.75,11148.75,11148.75,11148.75
2022-06-17 08:17:00,11146.0,11146.0,11146.0,11146.0
2022-06-17 08:18:00,11158.25,11158.25,11158.25,11158.25
2022-06-17 08:19:00,11158.25,11158.25,11158.25,11158.25
2022-06-17 08:20:00,11162.25,11162.25,11162.25,11162.25
2022-06-17 08:21:00,11162.75,11162.75,11162.75,11162.75
2022-06-17 08:22:00,11171.5,11171.5,11171.5,11171.5
2022-06-17 08:23:00,11176.0,11176.0,11176.0,11176.0
2022-06-17 08:24:00,11180.0,11180.0,11180.0,11180.0
2022-06-17 08:25:00,11185.5,11185.5,11185.5,11185.5
2022-06-17 08:26:00,11189.25,11189.25,11189.25,11189.25
2022-06-17 08:27:00,11189.25,11189.25,11189.25,11189.25
2022-06-17 08:28:00,11193.25,11193.25,11193.25,11193.25
2022-06-17 08:29:00,11195.0,11195.0,11195.0,11195.0
2022-06-17 08:30:00,11183.5,11183.5,11183.5,11183.5
2022-06-17 08:31:00,11186.0,11186.0,11186.0,11186.0
2022-06-17 08:32:00,11179.5,11179.5,11179.5,11179.5
2022-06-17 08:33:00,11176.0,11176.0,11176.0,11176.0
2022-06-17 08:34:00,11179.5,11179.5,11179.5,11179.5
2022-06-17 08:35:00,11179.5,11179.5,11179.5,11179.5
2022-06-17 08:36:00,11174.5,11174.5,11174.5,11174.5
2022-06-17 08:37:00,11173.0,11173.0,11173.0,11173.0
2022-06-17 08:38:00,11185.0,11185.0,11185.0,11185.0
2022-06-17 08:39:00,11188.0,11188.0,11188.0,11188.0
2022-06-17 08:40:00,11183.25,11183.25,11183.25,11183.25
2022-06-17 08:41:00,11175.75,11175.75,11175.75,11175.75
2022-06-17 08:42:00,11173.0,11173.0,11173.0,11173.0
2022-06-17 08:43:00,11172.75,11172.75,11172.75,11172.75
2022-06-17 08:44:00,11162.0,11162.0,11162.0,11162.0
2022-06-17 08:45:00,11167.25,11167.25,11167.25,11167.25
2022-06-17 08:46:00,11166.0,11166.0,11166.0,11166.0
2022-06-17 08:47:00,11159.0,11159.0,11159.0,11159.0
2022-06-17 08:48:00,11153.0,11153.0,11153.0,11153.0
2022-06-17 08:49:00,11152.25,11152.25,11152.25,11152.25
2022-06-17 08:50:00,11142.5,11142.5,11142.5,11142.5
2022-06-17 08:51:00,11153.5,11153.5,11153.5,11153.5
2022-06-17 08:52:00,11161.0,11161.0,11161.0,11161.0
2022-06-17 08:53:00,11152.5,11152.5,11152.5,11152.5
2022-06-17 08:54:00,11154.75,11154.75,11154.75,11154.75
2022-06-17 08:55:00,11154.75,11154.75,11154.75,11154.75
2022-06-17 08:56:00,11161.25,11161.25,11161.25,11161.25
2022-06-17 08:57:00,11161.25,11161.25,11161.25,11161.25
2022-06-17 08:58:00,11163.5,11163.5,11163.5,11163.5
2022-06-17 08:59:00,11160.0,11160.0,11160.0,11160.0
2022-06-17 09:00:00,11161.0,11161.0,11161.0,11161.0
2022-06-17 09:01:00,11161.25,11161.25,11161.25,11161.25
2022-06-17 09:02:00,11162.25,11162.25,11162.25,11162.25
2022-06-17 09:03:00,11165.0,11165.0,11165.0,11165.0
2022-06-17 09:04:00,11171.25,11171.25,11171.25,11171.25
2022-06-17 09:05:00,11166.75,11166.75,11166.75,11166.75
2022-06-17 09:06:00,11163.75,11163.75,11163.75,11163.75
2022-06-17 09:07:00,11167.0,11167.0,11167.0,11167.0
2022-06-17 09:08:00,11167.0,11167.0,11167.0,11167.0
2022-06-17 09:09:00,11166.0,11166.0,11166.0,11166.0
2022-06-17 09:10:00,11170.0,11170.0,11170.0,11170.0
2022-06-17 09:11:00,11175.0,11175.0,11175.0,11175.0
2022-06-17 09:12:00,11174.25,11174.25,11174.25,11174.25
2022-06-17 09:13:00,11174.25,11174.25,11174.25,11174.25
2022-06-17 09:14:00,11172.5,11172.5,11172.5,11172.5
2022-06-17 09:15:00,11170.25,11170.25,11170.25,11170.25
2022-06-17 09:16:00,11175.0,11175.0,11175.0,11175.0
2022-06-17 09:17:00,11175.0,11175.0,11175.0,11175.0
2022-06-17 09:18:00,11174.25,11174.25,11174.25,11174.25
2022-06-17 09:19:00,11167.5,11167.5,11167.5,11167.5
2022-06-17 09:20:00,11167.5,11167.5,11167.5,11167.5
2022-06-17 09:21:00,11168.25,11168.25,11168.25,11168.25
2022-06-17 09:22:00,11168.25,11168.25,11168.25,11168.25
2022-06-17 09:23:00,11166.75,11166.75,11166.75,11166.75
2022-06-17 09:24:00,11172.0,11172.0,11172.0,11172.0
2022-06-17 09:25:00,11172.0,11172.0,11172.0,11172.0
2022-06-17 09:26:00,11172.0,11172.0,11172.0,11172.0
2022-06-17 09:27:00,11177.0,11177.0,11177.0,11177.0
2022-06-17 09:28:00,11177.0,11177.0,11177.0,11177.0
2022-06-17 09:29:00,11177.0,11177.0,11177.0,11177.0
2022-06-17 09:30:00,11169.75,11169.75,11169.75,11169.75
2022-06-17 09:31:00,11174.25,11174.25,11174.25,11174.25
2022-06-17 09:32:00,11174.25,11174.25,11174.25,11174.25
2022-06-17 09:33:00,11162.25,11162.25,11162.25,11162.25
2022-06-17 09:34:00,11162.25,11162.25,11162.25,11162.25
2022-06-17 09:35:00,11167.0,11167.0,11167.0,11167.0
2022-06-17 09:36:00,11169.0,11169.0,11169.0,11169.0
2022-06-17 09:37:00,11169.0,11169.0,11169.0,11169.0
2022-06-17 09:38:00,11161.25,11161.25,11161.25,11161.25
2022-06-17 09:39:00,11168.0,11168.0,11168.0,11168.0
2022-06-17 09:40:00,11165.5,11165.5,11165.5,11165.5
2022-06-17 09:41:00,11163.75,11163.75,11163.75,11163.75
2022-06-17 09:42:00,11173.0,11173.0,11173.0,11173.0
2022-06-17 09:43:00,11178.5,11178.5,11178.5,11178.5
2022-06-17 09:44:00,11184.5,11184.5,11184.5,11184.5
2022-06-17 09:45:00,11181.25,11181.25,11181.25,11181.25
2022-06-17 09:46:00,11182.5,11182.5,11182.5,11182.5
2022-06-17 09:47:00,11172.25,11172.25,11172.25,11172.25
2022-06-17 09:48:00,11179.0,11179.0,11179.0,11179.0
2022-06-17 09:49:00,11179.0,11179.0,11179.0,11179.0
2022-06-17 09:50:00,11179.5,11179.5,11179.5,11179.5
2022-06-17 09:51:00,11184.25,11184.25,11184.25,11184.25
2022-06-17 09:52:00,11190.5,11190.5,11190.5,11190.5
2022-06-17 09:53:00,11190.5,11190.5,11190.5,11190.5
2022-06-17 09:54:00,11192.5,11192.5,11192.5,11192.5
2022-06-17 10:10:00,11207.5,11207.5,11207.5,11207.5
2022-06-17 10:11:00,11205.5,11205.5,11205.5,11205.5
2022-06-17 10:12:00,11205.25,11205.25,11205.25,11205.25
2022-06-17 10:13:00,11203.0,11203.0,11203.0,11203.0
2022-06-17 10:14:00,11203.5,11203.5,11203.5,11203.5
2022-06-17 10:15:00,11207.0,11207.0,11207.0,11207.0
2022-06-17 10:16:00,11203.5,11203.5,11203.5,11203.5
2022-06-17 10:17:00,11203.5,11203.5,11203.5,11203.5
2022-06-17 10:18:00,11201.5,11201.5,11201.5,11201.5
2022-06-17 10:19:00,11202.75,11202.75,11202.75,11202.75
2022-06-17 10:20:00,11200.25,11200.25,11200.25,11200.25
2022-06-17 10:21:00,11201.25,11201.25,11201.25,11201.25
2022-06-17 10:22:00,11201.5,11201.5,11201.5,11201.5
2022-06-17 10:23:00,11206.25,11206.25,11206.25,11206.25
2022-06-17 10:24:00,11209.0,11209.0,11209.0,11209.0
2022-06-17 10:25:00,11207.75,11207.75,11207.75,11207.75
2022-06-17 10:26:00,11204.75,11204.75,11204.75,11204.75
2022-06-17 10:27:00,11203.0,11203.0,11203.0,11203.0
2022-06-17 10:28:00,11203.0,11203.0,11203.0,11203.0
2022-06-17 10:29:00,11201.5,11201.5,11201.5,11201.5
2022-06-17 10:30:00,11196.0,11196.0,11196.0,11196.0
2022-06-17 10:31:00,11197.5,11197.5,11197.5,11197.5
2022-06-17 10:32:00,11193.25,11193.25,11193.25,11193.25
2022-06-17 10:33:00,11191.75,11191.75,11191.75,11191.75
2022-06-17 10:34:00,11191.75,11191.75,11191.75,11191.75
2022-06-17 10:35:00,11191.75,11191.75,11191.75,11191.75
2022-06-17 10:36:00,11197.5,11197.5,11197.5,11197.5
2022-06-17 10:37:00,11196.25,11196.25,11196.25,11196.25
2022-06-17 10:38:00,11193.0,11193.0,11193.0,11193.0
2022-06-17 10:39:00,11191.5,11191.5,11191.5,11191.5
2022-06-17 10:40:00,11194.5,11194.5,11194.5,11194.5
2022-06-17 10:41:00,11194.25,11194.25,11194.25,11194.25
2022-06-17 10:42:00,11200.5,11200.5,11200.5,11200.5
2022-06-17 10:43:00,11194.25,11194.25,11194.25,11194.25
2022-06-17 10:44:00,11194.25,11194.25,11194.25,11194.25
2022-06-17 10:45:00,11190.25,11190.25,11190.25,11190.25
2022-06-17 10:46:00,11192.25,11192.25,11192.25,11192.25
2022-06-17 10:47:00,11189.0,11189.0,11189.0,11189.0
2022-06-17 10:48:00,11191.0,11191.0,11191.0,11191.0
2022-06-17 10:49:00,11193.5,11193.5,11193.5,11193.5
2022-06-17 10:50:00,11192.5,11192.5,11192.5,11192.5
2022-06-17 10:51:00,11193.25,11193.25,11193.25,11193.25
2022-06-17 10:52:00,11192.5,11192.5,11192.5,11192.5
2022-06-17 10:53:00,11203.0,11203.0,11203.0,11203.0
2022-06-17 10:54:00,11225.0,11225.0,11225.0,11225.0
2022-06-17 10:55:00,11230.75,11230.75,11230.75,11230.75
2022-06-17 10:56:00,11216.25,11216.25,11216.25,11216.25
2022-06-17 10:57:00,11210.0,11210.0,11210.0,11210.0
2022-06-17 10:58:00,11216.75,11216.75,11216.75,11216.75
2022-06-17 10:59:00,11210.0,11210.0,11210.0,11210.0
2022-06-17 11:00:00,11209.0,11209.0,11209.0,11209.0
2022-06-17 11:01:00,11207.0,11207.0,11207.0,11207.0
2022-06-17 11:02:00,11208.25,11208.25,11208.25,11208.25
2022-06-17 11:03:00,11206.0,11206.0,11206.0,11206.0
2022-06-17 11:04:00,11209.0,11209.0,11209.0,11209.0
2022-06-17 11:05:00,11201.75,11201.75,11201.75,11201.75
2022-06-17 11:06:00,11193.0,11193.0,11193.0,11193.0
2022-06-17 11:07:00,11194.5,11194.5,11194.5,11194.5
2022-06-17 11:08:00,11188.0,11188.0,11188.0,11188.0
2022-06-17 11:09:00,11188.0,11188.0,11188.0,11188.0
2022-06-17 11:10:00,11199.5,11199.5,11199.5,11199.5
2022-06-17 11:11:00,11194.25,11194.25,11194.25,11194.25
2022-06-17 11:12:00,11192.5,11192.5,11192.5,11192.5
2022-06-17 11:13:00,11185.0,11185.0,11185.0,11185.0
2022-06-17 11:14:00,11188.75,11188.75,11188.75,11188.75
2022-06-17 11:15:00,11192.0,11192.0,11192.0,11192.0
2022-06-17 11:16:00,11191.0,11191.0,11191.0,11191.0
2022-06-17 11:17:00,11194.25,11194.25,11194.25,11194.25
2022-06-17 11:18:00,11191.0,11191.0,11191.0,11191.0
2022-06-17 11:19:00,11186.75,11186.75,11186.75,11186.75
2022-06-17 11:20:00,11183.75,11183.75,11183.75,11183.75
2022-06-17 11:21:00,11186.5,11186.5,11186.5,11186.5
2022-06-17 11:22:00,11193.75,11193.75,11193.75,11193.75
2022-06-17 11:23:00,11199.75,11199.75,11199.75,11199.75
2022-06-17 11:24:00,11200.25,11200.25,11200.25,11200.25
2022-06-17 11:25:00,11200.25,11200.25,11200.25,11200.25
2022-06-17 11:26:00,11211.75,11211.75,11211.75,11211.75
2022-06-17 11:27:00,11215.5,11215.5,11215.5,11215.5
2022-06-17 11:28:00,11212.5,11212.5,11212.5,11212.5
2022-06-17 11:29:00,11212.75,11212.75,11212.75,11212.75
2022-06-17 11:30:00,11209.25,11209.25,11209.25,11209.25
2022-06-17 11:31:00,11209.25,11209.25,11209.25,11209.25
2022-06-17 11:32:00,11209.25,11209.25,11209.25,11209.25
2022-06-17 11:33:00,11212.5,11212.5,11212.5,11212.5
2022-06-17 11:34:00,11216.25,11216.25,11216.25,11216.25
2022-06-17 11:35:00,11220.25,11220.25,11220.25,11220.25
2022-06-17 11:36:00,11220.5,11220.5,11220.5,11220.5
2022-06-17 11:37:00,11214.5,11214.5,11214.5,11214.5
2022-06-17 11:38:00,11212.5,11212.5,11212.5,11212.5
2022-06-17 11:39:00,11212.75,11212.75,11212.75,11212.75
2022-06-17 11:40:00,11211.25,11211.25,11211.25,11211.25
2022-06-17 11:41:00,11216.25,11216.25,11216.25,11216.25
2022-06-17 11:42:00,11212.25,11212.25,11212.25,11212.25
2022-06-17 11:43:00,11207.25,11207.25,11207.25,11207.25
2022-06-17 11:44:00,11206.5,11206.5,11206.5,11206.5
2022-06-17 11:45:00,11208.5,11208.5,11208.5,11208.5
2022-06-17 11:46:00,11211.25,11211.25,11211.25,11211.25
2022-06-17 11:47:00,11209.25,11209.25,11209.25,11209.25
2022-06-17 11:48:00,11208.25,11208.25,11208.25,11208.25
2022-06-17 11:49:00,11208.0,11208.0,11208.0,11208.0
2022-06-17 11:50:00,11211.75,11211.75,11211.75,11211.75
2022-06-17 11:51:00,11208.75,11208.75,11208.75,11208.75
2022-06-17 11:52:00,11206.75,11206.75,11206.75,11206.75
2022-06-17 11:53:00,11205.75,11205.75,11205.75,11205.75
2022-06-17 11:54:00,11204.0,11204.0,11204.0,11204.0
2022-06-17 11:55:00,11203.75,11203.75,11203.75,11203.75
2022-06-17 11:56:00,11201.5,11201.5,11201.5,11201.5
2022-06-17 11:57:00,11201.5,11201.5,11201.5,11201.5
2022-06-17 11:58:00,11201.5,11201.5,11201.5,11201.5
2022-06-17 11:59:00,11198.0,11198.0,11198.0,11198.0
2022-06-17 12:00:00,11199.5,11199.5,11199.5,11199.5
2022-06-17 12:01:00,11201.5,11201.5,11201.5,11201.5
2022-06-17 12:02:00,11199.75,11199.75,11199.75,11199.75
2022-06-17 12:03:00,11198.5,11198.5,11198.5,11198.5
2022-06-17 12:04:00,11198.5,11198.5,11198.5,11198.5
2022-06-17 12:05:00,11198.5,11198.5,11198.5,11198.5
2022-06-17 12:06:00,11198.0,11198.0,11198.0,11198.0
2022-06-17 12:07:00,11195.25,11195.25,11195.25,11195.25
2022-06-17 12:08:00,11195.0,11195.0,11195.0,11195.0
2022-06-17 12:09:00,11191.75,11191.75,11191.75,11191.75
2022-06-17 12:10:00,11191.5,11191.5,11191.5,11191.5
2022-06-17 12:11:00,11191.5,11191.5,11191.5,11191.5
2022-06-17 12:12:00,11191.5,11191.5,11191.5,11191.5
2022-06-17 12:13:00,11191.5,11191.5,11191.5,11191.5
2022-06-17 12:14:00,11191.5,11191.5,11191.5,11191.5
2022-06-17 12:15:00,11191.5,11191.5,11191.5,11191.5
2022-06-17 12:16:00,11191.5,11191.5,11191.5,11191.5
2022-06-17 12:17:00,11191.5,11191.5,11191.5,11191.5
2022-06-17 12:18:00,11191.5,11191.5,11191.5,11191.5
2022-06-17 12:19:00,11191.5,11191.5,11191.5,11191.5
2022-06-17 12:20:00,11206.5,11206.5,11206.5,11206.5
2022-06-17 12:21:00,11206.5,11206.5,11206.5,11206.5
2022-06-17 12:22:00,11209.25,11209.25,11209.25,11209.25
2022-06-17 12:23:00,11210.25,11210.25,11210.25,11210.25
2022-06-17 12:24:00,11208.5,11208.5,11208.5,11208.5
2022-06-17 12:25:00,11207.5,11207.5,11207.5,11207.5
2022-06-17 12:26:00,11210.5,11210.5,11210.5,11210.5
2022-06-17 12:27:00,11215.0,11215.0,11215.0,11215.0
2022-06-17 12:28:00,11219.5,11219.5,11219.5,11219.5
2022-06-17 12:29:00,11241.25,11241.25,11241.25,11241.25
2022-06-17 12:30:00,11247.0,11247.0,11247.0,11247.0
2022-06-17 12:31:00,11247.0,11247.0,11247.0,11247.0
2022-06-17 12:32:00,11247.0,11247.0,11247.0,11247.0
2022-06-17 12:33:00,11247.0,11247.0,11247.0,11247.0
2022-06-17 12:34:00,11239.75,11239.75,11239.75,11239.75
2022-06-17 12:35:00,11238.75,11238.75,11238.75,11238.75
2022-06-17 12:36:00,11238.75,11238.75,11238.75,11238.75
2022-06-17 12:37:00,11238.75,11238.75,11238.75,11238.75
2022-06-17 12:38:00,11236.5,11236.5,11236.5,11236.5
2022-06-17 12:39:00,11236.5,11236.5,11236.5,11236.5
2022-06-17 12:40:00,11234.0,11234.0,11234.0,11234.0
2022-06-17 12:41:00,11237.0,11237.0,11237.0,11237.0
2022-06-17 12:42:00,11234.0,11234.0,11234.0,11234.0
2022-06-17 12:43:00,11234.5,11234.5,11234.5,11234.5
2022-06-17 12:44:00,11234.25,11234.25,11234.25,11234.25
2022-06-17 12:45:00,11232.25,11232.25,11232.25,11232.25
2022-06-17 12:46:00,11233.25,11233.25,11233.25,11233.25
2022-06-17 12:47:00,11234.25,11234.25,11234.25,11234.25
2022-06-17 12:48:00,11234.25,11234.25,11234.25,11234.25
2022-06-17 12:49:00,11234.25,11234.25,11234.25,11234.25
2022-06-17 12:50:00,11234.0,11234.0,11234.0,11234.0
2022-06-17 12:51:00,11231.75,11231.75,11231.75,11231.75
2022-06-17 12:52:00,11232.25,11232.25,11232.25,11232.25
2022-06-17 12:53:00,11232.25,11232.25,11232.25,11232.25
2022-06-17 12:54:00,11238.5,11238.5,11238.5,11238.5
2022-06-17 12:55:00,11235.25,11235.25,11235.25,11235.25
2022-06-17 12:56:00,11235.25,11235.25,11235.25,11235.25
2022-06-17 12:57:00,11235.25,11235.25,11235.25,11235.25
2022-06-17 12:58:00,11242.5,11242.5,11242.5,11242.5
2022-06-17 12:59:00,11242.5,11242.5,11242.5,11242.5
2022-06-17 13:00:00,11248.25,11248.25,11248.25,11248.25
2022-06-17 13:01:00,11248.25,11248.25,11248.25,11248.25
2022-06-17 13:02:00,11246.75,11246.75,11246.75,11246.75
2022-06-17 13:03:00,11245.0,11245.0,11245.0,11245.0
2022-06-17 13:04:00,11246.25,11246.25,11246.25,11246.25
2022-06-17 13:05:00,11247.5,11247.5,11247.5,11247.5
2022-06-17 13:06:00,11247.5,11247.5,11247.5,11247.5
2022-06-17 13:07:00,11247.5,11247.5,11247.5,11247.5
2022-06-17 13:08:00,11245.75,11245.75,11245.75,11245.75
2022-06-17 13:09:00,11245.75,11245.75,11245.75,11245.75
2022-06-17 13:19:00,11232.5,11232.5,11232.5,11232.5
2022-06-17 13:20:00,11236.0,11236.0,11236.0,11236.0
2022-06-17 13:21:00,11235.5,11235.5,11235.5,11235.5
2022-06-17 13:22:00,11239.25,11239.25,11239.25,11239.25
2022-06-17 13:23:00,11239.25,11239.25,11239.25,11239.25
2022-06-17 13:24:00,11243.5,11243.5,11243.5,11243.5
2022-06-17 13:25:00,11243.5,11243.5,11243.5,11243.5
2022-06-17 13:26:00,11243.5,11243.5,11243.5,11243.5
2022-06-17 13:27:00,11243.5,11243.5,11243.5,11243.5
2022-06-17 13:28:00,11243.5,11243.5,11243.5,11243.5
2022-06-17 13:29:00,11234.5,11234.5,11234.5,11234.5
2022-06-17 13:30:00,11232.5,11232.5,11232.5,11232.5
2022-06-17 13:31:00,11236.5,11236.5,11236.5,11236.5
2022-06-17 13:32:00,11243.5,11243.5,11243.5,11243.5
2022-06-17 13:33:00,11241.5,11241.5,11241.5,11241.5
2022-06-17 13:34:00,11241.5,11241.5,11241.5,11241.5
2022-06-17 13:35:00,11242.5,11242.5,11242.5,11242.5
2022-06-17 13:36:00,11242.5,11242.5,11242.5,11242.5
2022-06-17 13:42:00,11250.5,11250.5,11250.5,11250.5
2022-06-17 13:43:00,11248.25,11248.25,11248.25,11248.25
2022-06-17 13:44:00,11244.75,11244.75,11244.75,11244.75
2022-06-17 13:45:00,11244.75,11244.75,11244.75,11244.75
2022-06-17 13:46:00,11245.0,11245.0,11245.0,11245.0
2022-06-17 13:47:00,11245.0,11245.0,11245.0,11245.0
2022-06-17 13:48:00,11245.0,11245.0,11245.0,11245.0
2022-06-17 13:49:00,11250.0,11250.0,11250.0,11250.0
2022-06-17 13:50:00,11254.0,11254.0,11254.0,11254.0
2022-06-17 13:51:00,11256.25,11256.25,11256.25,11256.25
2022-06-17 13:52:00,11250.0,11250.0,11250.0,11250.0
2022-06-17 13:53:00,11246.25,11246.25,11246.25,11246.25
2022-06-17 13:54:00,11244.75,11244.75,11244.75,11244.75
2022-06-17 13:55:00,11244.75,11244.75,11244.75,11244.75
2022-06-17 13:56:00,11244.75,11244.75,11244.75,11244.75
2022-06-17 13:57:00,11231.25,11231.25,11231.25,11231.25
2022-06-17 13:58:00,11228.75,11228.75,11228.75,11228.75
2022-06-17 13:59:00,11227.5,11227.5,11227.5,11227.5
2022-06-17 14:00:00,11230.5,11230.5,11230.5,11230.5
2022-06-17 14:01:00,11226.5,11226.5,11226.5,11226.5
2022-06-17 14:02:00,11222.0,11222.0,11222.0,11222.0
2022-06-17 14:03:00,11222.5,11222.5,11222.5,11222.5
2022-06-17 14:04:00,11226.75,11226.75,11226.75,11226.75
2022-06-17 14:05:00,11229.75,11229.75,11229.75,11229.75
2022-06-17 14:06:00,11229.5,11229.5,11229.5,11229.5
2022-06-17 14:07:00,11225.5,11225.5,11225.5,11225.5
2022-06-17 14:08:00,11224.0,11224.0,11224.0,11224.0
2022-06-17 14:09:00,11221.0,11221.0,11221.0,11221.0
2022-06-17 14:10:00,11214.0,11214.0,11214.0,11214.0
2022-06-17 14:11:00,11214.0,11214.0,11214.0,11214.0
2022-06-17 14:12:00,11208.5,11208.5,11208.5,11208.5
2022-06-17 14:13:00,11197.0,11197.0,11197.0,11197.0
2022-06-17 14:14:00,11197.25,11197.25,11197.25,11197.25
2022-06-17 14:15:00,11187.5,11187.5,11187.5,11187.5
2022-06-17 14:16:00,11181.5,11181.5,11181.5,11181.5
2022-06-17 14:17:00,11183.75,11183.75,11183.75,11183.75
2022-06-17 14:18:00,11174.75,11174.75,11174.75,11174.75
2022-06-17 14:19:00,11175.5,11175.5,11175.5,11175.5
2022-06-17 14:20:00,11183.75,11183.75,11183.75,11183.75
2022-06-17 14:21:00,11167.5,11167.5,11167.5,11167.5
2022-06-17 14:22:00,11167.5,11167.5,11167.5,11167.5
2022-06-17 14:23:00,11166.75,11166.75,11166.75,11166.75
2022-06-17 14:24:00,11172.0,11172.0,11172.0,11172.0
2022-06-17 14:25:00,11168.75,11168.75,11168.75,11168.75
2022-06-17 14:26:00,11168.75,11168.75,11168.75,11168.75
2022-06-17 14:27:00,11178.75,11178.75,11178.75,11178.75
2022-06-17 14:28:00,11180.75,11180.75,11180.75,11180.75
2022-06-17 14:29:00,11183.0,11183.0,11183.0,11183.0
2022-06-17 14:30:00,11183.0,11183.0,11183.0,11183.0
2022-06-17 14:31:00,11185.0,11185.0,11185.0,11185.0
2022-06-17 14:32:00,11183.5,11183.5,11183.5,11183.5
2022-06-17 14:33:00,11177.5,11177.5,11177.5,11177.5
2022-06-17 14:34:00,11177.5,11177.5,11177.5,11177.5
2022-06-17 14:35:00,11184.25,11184.25,11184.25,11184.25
2022-06-17 14:36:00,11183.5,11183.5,11183.5,11183.5
2022-06-17 14:37:00,11189.0,11189.0,11189.0,11189.0
2022-06-17 14:38:00,11196.5,11196.5,11196.5,11196.5
2022-06-17 14:39:00,11200.75,11200.75,11200.75,11200.75
2022-06-17 14:40:00,11199.0,11199.0,11199.0,11199.0
2022-06-17 14:41:00,11205.25,11205.25,11205.25,11205.25
2022-06-17 14:42:00,11201.75,11201.75,11201.75,11201.75
2022-06-17 14:43:00,11197.25,11197.25,11197.25,11197.25
2022-06-17 14:44:00,11194.0,11194.0,11194.0,11194.0
2022-06-17 14:45:00,11188.5,11188.5,11188.5,11188.5
2022-06-17 14:46:00,11190.5,11190.5,11190.5,11190.5
2022-06-17 14:47:00,11193.5,11193.5,11193.5,11193.5
2022-06-17 14:48:00,11196.5,11196.5,11196.5,11196.5
2022-06-17 14:49:00,11195.25,11195.25,11195.25,11195.25
2022-06-17 14:50:00,11191.25,11191.25,11191.25,11191.25
2022-06-17 14:51:00,11191.25,11191.25,11191.25,11191.25
2022-06-17 14:52:00,11190.25,11190.25,11190.25,11190.25
2022-06-17 14:53:00,11190.25,11190.25,11190.25,11190.25
2022-06-17 14:54:00,11190.25,11190.25,11190.25,11190.25
2022-06-17 14:55:00,11192.5,11192.5,11192.5,11192.5
2022-06-17 14:56:00,11200.0,11200.0,11200.0,11200.0
2022-06-17 14:57:00,11213.0,11213.0,11213.0,11213.0
2022-06-17 14:58:00,11213.5,11213.5,11213.5,11213.5
2022-06-17 14:59:00,11213.5,11213.5,11213.5,11213.5
2022-06-17 15:00:00,11213.5,11213.5,11213.5,11213.5
2022-06-17 15:01:00,11204.25,11204.25,11204.25,11204.25
2022-06-17 15:02:00,11198.5,11198.5,11198.5,11198.5
2022-06-17 15:03:00,11198.5,11198.5,11198.5,11198.5
2022-06-17 15:04:00,11183.0,11183.0,11183.0,11183.0
2022-06-17 15:05:00,11185.5,11185.5,11185.5,11185.5
2022-06-17 15:06:00,11187.25,11187.25,11187.25,11187.25
2022-06-17 15:07:00,11185.0,11185.0,11185.0,11185.0
2022-06-17 15:08:00,11184.25,11184.25,11184.25,11184.25
2022-06-17 15:09:00,11188.5,11188.5,11188.5,11188.5
2022-06-17 15:10:00,11183.5,11183.5,11183.5,11183.5
2022-06-17 15:11:00,11183.25,11183.25,11183.25,11183.25
2022-06-17 15:12:00,11183.25,11183.25,11183.25,11183.25
2022-06-17 15:13:00,11189.25,11189.25,11189.25,11189.25
2022-06-17 15:14:00,11186.25,11186.25,11186.25,11186.25
2022-06-17 15:15:00,11180.5,11180.5,11180.5,11180.5
2022-06-17 15:16:00,11188.5,11188.5,11188.5,11188.5
2022-06-17 15:17:00,11191.5,11191.5,11191.5,11191.5
2022-06-17 15:18:00,11179.25,11179.25,11179.25,11179.25
2022-06-17 15:19:00,11177.5,11177.5,11177.5,11177.5
2022-06-17 15:20:00,11177.5,11177.5,11177.5,11177.5
2022-06-17 15:21:00,11171.5,11171.5,11171.5,11171.5
2022-06-17 15:22:00,11164.0,11164.0,11164.0,11164.0
2022-06-17 15:23:00,11164.0,11164.0,11164.0,11164.0
2022-06-17 15:24:00,11180.5,11180.5,11180.5,11180.5
2022-06-17 15:25:00,11180.25,11180.25,11180.25,11180.25
2022-06-17 15:26:00,11185.75,11185.75,11185.75,11185.75
2022-06-17 15:27:00,11189.5,11189.5,11189.5,11189.5
2022-06-17 15:28:00,11190.5,11190.5,11190.5,11190.5
2022-06-17 15:29:00,11187.5,11187.5,11187.5,11187.5
2022-06-17 15:30:00,11187.5,11187.5,11187.5,11187.5
2022-06-17 15:31:00,11190.0,11190.0,11190.0,11190.0
2022-06-17 15:32:00,11204.5,11204.5,11204.5,11204.5
2022-06-17 15:33:00,11207.5,11207.5,11207.5,11207.5
2022-06-17 15:34:00,11221.5,11221.5,11221.5,11221.5
2022-06-17 15:35:00,11228.75,11228.75,11228.75,11228.75
2022-06-17 15:36:00,11231.25,11231.25,11231.25,11231.25
2022-06-17 15:37:00,11225.25,11225.25,11225.25,11225.25
2022-06-17 15:38:00,11231.5,11231.5,11231.5,11231.5
2022-06-17 15:39:00,11226.25,11226.25,11226.25,11226.25
2022-06-17 15:40:00,11209.8,11209.8,11209.8,11209.8
2022-06-17 15:41:00,11215.5,11215.5,11215.5,11215.5
2022-06-17 15:42:00,11216.25,11216.25,11216.25,11216.25
2022-06-17 15:43:00,11220.25,11220.25,11220.25,11220.25
2022-06-17 15:44:00,11214.25,11214.25,11214.25,11214.25
2022-06-17 15:45:00,11211.25,11211.25,11211.25,11211.25
2022-06-17 15:46:00,11208.25,11208.25,11208.25,11208.25
2022-06-17 15:47:00,11212.75,11212.75,11212.75,11212.75
2022-06-17 15:48:00,11212.0,11212.0,11212.0,11212.0
2022-06-17 15:49:00,11215.5,11215.5,11215.5,11215.5
2022-06-17 15:50:00,11209.75,11209.75,11209.75,11209.75
2022-06-17 15:51:00,11185.5,11185.5,11185.5,11185.5
2022-06-17 15:52:00,11189.5,11189.5,11189.5,11189.5
2022-06-17 15:53:00,11192.25,11192.25,11192.25,11192.25
2022-06-17 15:54:00,11192.25,11192.25,11192.25,11192.25
2022-06-17 15:55:00,11198.5,11198.5,11198.5,11198.5
2022-06-17 15:56:00,11215.25,11215.25,11215.25,11215.25
2022-06-17 15:57:00,11215.25,11215.25,11215.25,11215.25
2022-06-17 15:58:00,11219.0,11219.0,11219.0,11219.0
2022-06-17 15:59:00,11227.0,11227.0,11227.0,11227.0
2022-06-17 16:00:00,11224.5,11224.5,11224.5,11224.5
2022-06-17 16:01:00,11217.5,11217.5,11217.5,11217.5
2022-06-17 16:02:00,11222.5,11222.5,11222.5,11222.5
2022-06-17 16:03:00,11224.25,11224.25,11224.25,11224.25
2022-06-17 16:04:00,11223.5,11223.5,11223.5,11223.5
2022-06-17 16:05:00,11223.5,11223.5,11223.5,11223.5
2022-06-17 16:06:00,11220.0,11220.0,11220.0,11220.0
2022-06-17 16:07:00,11222.0,11222.0,11222.0,11222.0
2022-06-17 16:08:00,11224.0,11224.0,11224.0,11224.0
2022-06-17 16:09:00,11230.0,11230.0,11230.0,11230.0
2022-06-17 16:10:00,11228.0,11228.0,11228.0,11228.0
2022-06-17 16:11:00,11231.0,11231.0,11231.0,11231.0
2022-06-17 16:12:00,11213.5,11213.5,11213.5,11213.5
2022-06-17 16:13:00,11216.25,11216.25,11216.25,11216.25
2022-06-17 16:14:00,11224.5,11224.5,11224.5,11224.5
2022-06-17 16:15:00,11222.5,11222.5,11222.5,11222.5
2022-06-17 16:16:00,11231.0,11231.0,11231.0,11231.0
2022-06-17 16:17:00,11232.25,11232.25,11232.25,11232.25
2022-06-17 16:18:00,11233.5,11233.5,11233.5,11233.5
2022-06-17 16:19:00,11225.0,11225.0,11225.0,11225.0
2022-06-17 16:20:00,11236.0,11236.0,11236.0,11236.0
2022-06-17 16:21:00,11232.25,11232.25,11232.25,11232.25
2022-06-17 16:22:00,11229.25,11229.25,11229.25,11229.25
2022-06-17 16:23:00,11229.25,11229.25,11229.25,11229.25
2022-06-17 16:24:00,11227.0,11227.0,11227.0,11227.0
2022-06-17 16:25:00,11227.0,11227.0,11227.0,11227.0
2022-06-17 16:26:00,11240.0,11240.0,11240.0,11240.0
2022-06-17 16:27:00,11233.0,11233.0,11233.0,11233.0
2022-06-17 16:28:00,11224.75,11224.75,11224.75,11224.75
2022-06-17 16:29:00,11224.25,11224.25,11224.25,11224.25
2022-06-17 16:30:00,11230.0,11230.0,11230.0,11230.0
2022-06-17 16:31:00,11231.25,11231.25,11231.25,11231.25
2022-06-17 16:32:00,11227.5,11227.5,11227.5,11227.5
2022-06-17 16:33:00,11223.0,11223.0,11223.0,11223.0
2022-06-17 16:34:00,11226.25,11226.25,11226.25,11226.25
2022-06-17 16:35:00,11229.75,11229.75,11229.75,11229.75
2022-06-17 16:36:00,11231.0,11231.0,11231.0,11231.0
2022-06-17 16:37:00,11230.5,11230.5,11230.5,11230.5
2022-06-17 16:38:00,11230.5,11230.5,11230.5,11230.5
2022-06-17 16:39:00,11230.5,11230.5,11230.5,11230.5
2022-06-17 16:40:00,11238.25,11238.25,11238.25,11238.25
2022-06-17 16:41:00,11247.0,11247.0,11247.0,11247.0
2022-06-17 16:42:00,11249.0,11249.0,11249.0,11249.0
2022-06-17 16:43:00,11251.75,11251.75,11251.75,11251.75
2022-06-17 16:44:00,11258.5,11258.5,11258.5,11258.5
2022-06-17 16:45:00,11251.0,11251.0,11251.0,11251.0
2022-06-17 16:46:00,11249.25,11249.25,11249.25,11249.25
2022-06-17 16:47:00,11245.0,11245.0,11245.0,11245.0
2022-06-17 16:48:00,11245.0,11245.0,11245.0,11245.0
2022-06-17 16:49:00,11245.0,11245.0,11245.0,11245.0
2022-06-17 16:50:00,11247.0,11247.0,11247.0,11247.0
2022-06-17 16:51:00,11245.0,11245.0,11245.0,11245.0
2022-06-17 16:52:00,11252.25,11252.25,11252.25,11252.25
2022-06-17 16:53:00,11255.25,11255.25,11255.25,11255.25
2022-06-17 16:54:00,11245.5,11245.5,11245.5,11245.5
2022-06-17 16:55:00,11240.5,11240.5,11240.5,11240.5
2022-06-17 16:56:00,11230.25,11230.25,11230.25,11230.25
2022-06-17 16:57:00,11225.5,11225.5,11225.5,11225.5
2022-06-17 16:58:00,11225.5,11225.5,11225.5,11225.5
2022-06-17 16:59:00,11231.25,11231.25,11231.25,11231.25
2022-06-17 17:00:00,11229.25,11229.25,11229.25,11229.25
2022-06-17 17:01:00,11229.25,11229.25,11229.25,11229.25
2022-06-17 17:02:00,11220.75,11220.75,11220.75,11220.75
2022-06-17 17:03:00,11213.25,11213.25,11213.25,11213.25
2022-06-17 17:04:00,11213.0,11213.0,11213.0,11213.0
2022-06-17 17:05:00,11216.75,11216.75,11216.75,11216.75
2022-06-17 17:06:00,11228.75,11228.75,11228.75,11228.75
2022-06-17 17:07:00,11231.25,11231.25,11231.25,11231.25
2022-06-17 17:08:00,11228.5,11228.5,11228.5,11228.5
2022-06-17 17:09:00,11227.75,11227.75,11227.75,11227.75
2022-06-17 17:10:00,11226.5,11226.5,11226.5,11226.5
2022-06-17 17:11:00,11225.0,11225.0,11225.0,11225.0
2022-06-17 17:12:00,11241.0,11241.0,11241.0,11241.0
2022-06-17 17:13:00,11242.5,11242.5,11242.5,11242.5
2022-06-17 17:14:00,11242.5,11242.5,11242.5,11242.5
2022-06-17 17:15:00,11245.5,11245.5,11245.5,11245.5
2022-06-17 17:16:00,11239.0,11239.0,11239.0,11239.0
2022-06-17 17:17:00,11244.0,11244.0,11244.0,11244.0
2022-06-17 17:18:00,11247.0,11247.0,11247.0,11247.0
2022-06-17 17:19:00,11248.5,11248.5,11248.5,11248.5
2022-06-17 17:20:00,11245.75,11245.75,11245.75,11245.75
2022-06-17 17:21:00,11245.0,11245.0,11245.0,11245.0
2022-06-17 17:22:00,11252.5,11252.5,11252.5,11252.5
2022-06-17 17:23:00,11255.0,11255.0,11255.0,11255.0
2022-06-17 17:24:00,11251.75,11251.75,11251.75,11251.75
2022-06-17 17:25:00,11251.75,11251.75,11251.75,11251.75
2022-06-17 17:26:00,11255.25,11255.25,11255.25,11255.25
2022-06-17 17:27:00,11247.5,11247.5,11247.5,11247.5
2022-06-17 17:28:00,11247.25,11247.25,11247.25,11247.25
2022-06-17 17:29:00,11247.25,11247.25,11247.25,11247.25
2022-06-17 17:30:00,11246.25,11246.25,11246.25,11246.25
2022-06-17 17:31:00,11243.25,11243.25,11243.25,11243.25
2022-06-17 17:32:00,11236.0,11236.0,11236.0,11236.0
2022-06-17 17:33:00,11238.25,11238.25,11238.25,11238.25
2022-06-17 17:34:00,11245.5,11245.5,11245.5,11245.5
2022-06-17 17:35:00,11245.5,11245.5,11245.5,11245.5
2022-06-17 17:36:00,11245.5,11245.5,11245.5,11245.5
2022-06-17 17:37:00,11250.75,11250.75,11250.75,11250.75
2022-06-17 17:38:00,11255.25,11255.25,11255.25,11255.25
2022-06-17 17:39:00,11253.75,11253.75,11253.75,11253.75
2022-06-17 17:40:00,11248.0,11248.0,11248.0,11248.0
2022-06-17 17:41:00,11246.25,11246.25,11246.25,11246.25
2022-06-17 17:42:00,11248.75,11248.75,11248.75,11248.75
2022-06-17 17:43:00,11247.25,11247.25,11247.25,11247.25
2022-06-17 17:44:00,11247.25,11247.25,11247.25,11247.25
2022-06-17 17:45:00,11255.75,11255.75,11255.75,11255.75
2022-06-17 17:46:00,11255.75,11255.75,11255.75,11255.75
2022-06-17 17:47:00,11254.75,11254.75,11254.75,11254.75
2022-06-17 17:48:00,11253.25,11253.25,11253.25,11253.25
2022-06-17 17:49:00,11249.75,11249.75,11249.75,11249.75
2022-06-17 17:50:00,11248.0,11248.0,11248.0,11248.0
2022-06-17 17:51:00,11243.5,11243.5,11243.5,11243.5
2022-06-17 17:52:00,11244.25,11244.25,11244.25,11244.25
2022-06-17 17:53:00,11231.0,11231.0,11231.0,11231.0
2022-06-17 17:54:00,11231.0,11231.0,11231.0,11231.0
2022-06-17 17:55:00,11231.0,11231.0,11231.0,11231.0
2022-06-17 17:56:00,11230.75,11230.75,11230.75,11230.75
2022-06-17 17:57:00,11225.25,11225.25,11225.25,11225.25
2022-06-17 17:58:00,11225.25,11225.25,11225.25,11225.25
2022-06-17 17:59:00,11220.25,11220.25,11220.25,11220.25
2022-06-17 18:00:00,11236.0,11236.0,11236.0,11236.0
2022-06-17 18:01:00,11236.0,11236.0,11236.0,11236.0
2022-06-17 18:02:00,11243.5,11243.5,11243.5,11243.5
2022-06-17 18:03:00,11244.5,11244.5,11244.5,11244.5
2022-06-17 18:04:00,11254.0,11254.0,11254.0,11254.0
2022-06-17 18:05:00,11253.5,11253.5,11253.5,11253.5
2022-06-17 18:06:00,11245.0,11245.0,11245.0,11245.0
2022-06-17 18:07:00,11247.0,11247.0,11247.0,11247.0
2022-06-17 18:08:00,11250.0,11250.0,11250.0,11250.0
2022-06-17 18:09:00,11254.5,11254.5,11254.5,11254.5
2022-06-17 18:10:00,11252.75,11252.75,11252.75,11252.75
2022-06-17 18:11:00,11247.25,11247.25,11247.25,11247.25
2022-06-17 18:12:00,11240.5,11240.5,11240.5,11240.5
2022-06-17 18:13:00,11247.75,11247.75,11247.75,11247.75
2022-06-17 18:14:00,11247.75,11247.75,11247.75,11247.75
2022-06-17 18:15:00,11250.75,11250.75,11250.75,11250.75
2022-06-17 18:16:00,11246.5,11246.5,11246.5,11246.5
2022-06-17 18:17:00,11239.75,11239.75,11239.75,11239.75
2022-06-17 18:18:00,11236.25,11236.25,11236.25,11236.25
2022-06-17 18:19:00,11237.5,11237.5,11237.5,11237.5
2022-06-17 18:20:00,11246.5,11246.5,11246.5,11246.5
2022-06-17 18:21:00,11238.0,11238.0,11238.0,11238.0
2022-06-17 18:22:00,11250.0,11250.0,11250.0,11250.0
2022-06-17 18:23:00,11251.75,11251.75,11251.75,11251.75
2022-06-17 18:24:00,11242.5,11242.5,11242.5,11242.5
2022-06-17 18:25:00,11243.5,11243.5,11243.5,11243.5
2022-06-17 18:26:00,11243.5,11243.5,11243.5,11243.5
2022-06-17 18:27:00,11242.75,11242.75,11242.75,11242.75
2022-06-17 18:28:00,11252.0,11252.0,11252.0,11252.0
2022-06-17 18:29:00,11246.5,11246.5,11246.5,11246.5
2022-06-17 18:30:00,11246.5,11246.5,11246.5,11246.5
2022-06-17 18:31:00,11248.5,11248.5,11248.5,11248.5
2022-06-17 18:32:00,11251.5,11251.5,11251.5,11251.5
2022-06-17 18:33:00,11253.25,11253.25,11253.25,11253.25
2022-06-17 18:34:00,11251.5,11251.5,11251.5,11251.5
2022-06-17 18:35:00,11255.25,11255.25,11255.25,11255.25
2022-06-17 18:36:00,11252.5,11252.5,11252.5,11252.5
2022-06-17 18:37:00,11253.5,11253.5,11253.5,11253.5
2022-06-17 18:38:00,11250.5,11250.5,11250.5,11250.5
2022-06-17 18:39:00,11250.5,11250.5,11250.5,11250.5
2022-06-17 18:40:00,11251.5,11251.5,11251.5,11251.5
2022-06-17 18:41:00,11245.5,11245.5,11245.5,11245.5
2022-06-17 18:42:00,11250.0,11250.0,11250.0,11250.0
2022-06-17 18:43:00,11251.5,11251.5,11251.5,11251.5
2022-06-17 18:44:00,11255.25,11255.25,11255.25,11255.25
2022-06-17 18:45:00,11255.25,11255.25,11255.25,11255.25
2022-06-17 18:46:00,11251.25,11251.25,11251.25,11251.25
2022-06-17 18:47:00,11251.25,11251.25,11251.25,11251.25
2022-06-17 18:48:00,11255.0,11255.0,11255.0,11255.0
2022-06-17 18:49:00,11260.0,11260.0,11260.0,11260.0
2022-06-17 18:50:00,11270.75,11270.75,11270.75,11270.75
2022-06-17 18:51:00,11268.5,11268.5,11268.5,11268.5
2022-06-17 18:52:00,11272.75,11272.75,11272.75,11272.75
2022-06-17 18:53:00,11264.0,11264.0,11264.0,11264.0
2022-06-17 18:54:00,11266.0,11266.0,11266.0,11266.0
2022-06-17 18:55:00,11255.25,11255.25,11255.25,11255.25
2022-06-17 18:56:00,11250.5,11250.5,11250.5,11250.5
2022-06-17 18:57:00,11246.75,11246.75,11246.75,11246.75
2022-06-17 18:58:00,11250.0,11250.0,11250.0,11250.0
2022-06-17 18:59:00,11250.5,11250.5,11250.5,11250.5
2022-06-17 19:00:00,11255.25,11255.25,11255.25,11255.25
2022-06-17 19:01:00,11253.25,11253.25,11253.25,11253.25
2022-06-17 19:02:00,11250.0,11250.0,11250.0,11250.0
2022-06-17 19:03:00,11244.5,11244.5,11244.5,11244.5
2022-06-17 19:04:00,11244.5,11244.5,11244.5,11244.5
2022-06-17 19:05:00,11247.25,11247.25,11247.25,11247.25
2022-06-17 19:06:00,11251.75,11251.75,11251.75,11251.75
2022-06-17 19:07:00,11249.5,11249.5,11249.5,11249.5
2022-06-17 19:08:00,11249.5,11249.5,11249.5,11249.5
2022-06-17 19:09:00,11259.0,11259.0,11259.0,11259.0
2022-06-17 19:10:00,11255.25,11255.25,11255.25,11255.25
