2022-09-02 11:14:00,12278.25,12278.25,12278.25,12278.25,24034.0
2022-09-02 11:15:00,12277.0,12277.0,12277.0,12277.0,24100.0
2022-09-02 11:16:00,12280.5,12280.5,12280.5,12280.5,24159.0
2022-09-02 11:17:00,12279.75,12279.75,12279.75,12279.75,24198.0
2022-09-02 11:18:00,12281.25,12281.25,12281.25,12281.25,24273.0
2022-09-02 11:19:00,12283.5,12283.5,12283.5,12283.5,24377.0
2022-09-02 11:20:00,12282.0,12282.0,12282.0,12282.0,24465.0
2022-09-02 11:21:00,12281.75,12281.75,12281.75,12281.75,24521.0
2022-09-02 11:22:00,12279.5,12279.5,12279.5,12279.5,24575.0
2022-09-02 11:23:00,12281.5,12281.5,12281.5,12281.5,24598.0
2022-09-02 11:24:00,12281.75,12281.75,12281.75,12281.75,24634.0
2022-09-02 11:25:00,12286.75,12286.75,12286.75,12286.75,24717.0
2022-09-02 11:26:00,12284.0,12284.0,12284.0,12284.0,24778.0
2022-09-02 11:27:00,12284.5,12284.5,12284.5,12284.5,24797.0
2022-09-02 11:28:00,12285.0,12285.0,12285.0,12285.0,24820.0
2022-09-02 11:29:00,12281.75,12281.75,12281.75,12281.75,24847.0
2022-09-02 11:30:00,12282.25,12282.25,12282.25,12282.25,24871.0
2022-09-02 11:31:00,12281.25,12281.25,12281.25,12281.25,24886.0
2022-09-02 11:32:00,12280.75,12280.75,12280.75,12280.75,24924.0
2022-09-02 11:33:00,12279.0,12279.0,12279.0,12279.0,25002.0
2022-09-02 11:34:00,12279.25,12279.25,12279.25,12279.25,25056.0
2022-09-02 11:35:00,12282.0,12282.0,12282.0,12282.0,25086.0
2022-09-02 11:36:00,12280.0,12280.0,12280.0,12280.0,25129.0
2022-09-02 11:37:00,12279.5,12279.5,12279.5,12279.5,25183.0
2022-09-02 11:38:00,12276.75,12276.75,12276.75,12276.75,25318.0
2022-09-02 11:39:00,12276.75,12276.75,12276.75,12276.75,25319.0
2022-09-02 11:40:00,12277.0,12277.0,12277.0,12277.0,25345.0
2022-09-02 11:41:00,12279.0,12279.0,12279.0,12279.0,25459.0
2022-09-02 11:42:00,12280.5,12280.5,12280.5,12280.5,25538.0
2022-09-02 11:43:00,12280.0,12280.0,12280.0,12280.0,25593.0
2022-09-02 11:44:00,12279.5,12279.5,12279.5,12279.5,25633.0
2022-09-02 11:45:00,12278.5,12278.5,12278.5,12278.5,25654.0
2022-09-02 11:46:00,12278.5,12278.5,12278.5,12278.5,25670.0
2022-09-02 11:47:00,12278.5,12278.5,12278.5,12278.5,25705.0
2022-09-02 11:48:00,12278.5,12278.5,12278.5,12278.5,25752.0
2022-09-02 11:49:00,12278.75,12278.75,12278.75,12278.75,25774.0
2022-09-02 11:50:00,12277.5,12277.5,12277.5,12277.5,25788.0
2022-09-02 11:51:00,12277.0,12277.0,12277.0,12277.0,25811.0
2022-09-02 11:52:00,12279.0,12279.0,12279.0,12279.0,25831.0
2022-09-02 11:53:00,12280.75,12280.75,12280.75,12280.75,25896.0
2022-09-02 11:54:00,12279.5,12279.5,12279.5,12279.5,25928.0
2022-09-02 11:55:00,12278.0,12278.0,12278.0,12278.0,25976.0
2022-09-02 11:56:00,12278.25,12278.25,12278.25,12278.25,25994.0
2022-09-02 11:57:00,12279.5,12279.5,12279.5,12279.5,26008.0
2022-09-02 11:58:00,12279.25,12279.25,12279.25,12279.25,26036.0
2022-09-02 11:59:00,12278.5,12278.5,12278.5,12278.5,26044.0
2022-09-02 12:00:00,12278.0,12278.0,12278.0,12278.0,26058.0
2022-09-02 12:01:00,12278.5,12278.5,12278.5,12278.5,26085.0
2022-09-02 12:02:00,12275.75,12275.75,12275.75,12275.75,26156.0
2022-09-02 12:03:00,12276.75,12276.75,12276.75,12276.75,26191.0
2022-09-02 12:04:00,12277.5,12277.5,12277.5,12277.5,26205.0
2022-09-02 12:05:00,12278.75,12278.75,12278.75,12278.75,26233.0
2022-09-02 12:06:00,12276.5,12276.5,12276.5,12276.5,26261.0
2022-09-02 12:07:00,12278.75,12278.75,12278.75,12278.75,26297.0
2022-09-02 12:08:00,12278.0,12278.0,12278.0,12278.0,26329.0
2022-09-02 12:09:00,12277.5,12277.5,12277.5,12277.5,26343.0
2022-09-02 12:10:00,12277.5,12277.5,12277.5,12277.5,26355.0
2022-09-02 12:11:00,12277.5,12277.5,12277.5,12277.5,26369.0
2022-09-02 12:12:00,12277.5,12277.5,12277.5,12277.5,26388.0
2022-09-02 12:13:00,12277.5,12277.5,12277.5,12277.5,26397.0
2022-09-02 12:14:00,12277.5,12277.5,12277.5,12277.5,26413.0
2022-09-02 12:15:00,12277.5,12277.5,12277.5,12277.5,26472.0
2022-09-02 12:16:00,12277.5,12277.5,12277.5,12277.5,26591.0
2022-09-02 12:17:00,12277.5,12277.5,12277.5,12277.5,26641.0
2022-09-02 12:18:00,12277.5,12277.5,12277.5,12277.5,26656.0
2022-09-02 14:49:00,12301.25,12301.25,12301.25,12301.25,41200.0
2022-09-02 14:50:00,12295.5,12295.5,12295.5,12295.5,41378.0
2022-09-02 14:51:00,12294.75,12294.75,12294.75,12294.75,41476.0
2022-09-02 14:52:00,12295.0,12295.0,12295.0,12295.0,41624.0
2022-09-02 14:53:00,12294.0,12294.0,12294.0,12294.0,41818.0
2022-09-02 14:54:00,12294.5,12294.5,12294.5,12294.5,41958.0
2022-09-02 14:56:00,12303.25,12303.25,12303.25,12303.25,42294.0
2022-09-02 14:57:00,12302.75,12302.75,12302.75,12302.75,42383.0
2022-09-02 14:58:00,12304.75,12304.75,12304.75,12304.75,42563.0
2022-09-02 14:59:00,12304.0,12304.0,12304.0,12304.0,42672.0
2022-09-02 15:00:00,12304.75,12304.75,12304.75,12304.75,42811.0
2022-09-02 15:01:00,12303.5,12303.5,12303.5,12303.5,42886.0
2022-09-02 15:02:00,12303.25,12303.25,12303.25,12303.25,42946.0
2022-09-02 15:03:00,12307.75,12307.75,12307.75,12307.75,43106.0
2022-09-02 15:04:00,12309.75,12309.75,12309.75,12309.75,43358.0
2022-09-02 15:05:00,12312.25,12312.25,12312.25,12312.25,43569.0
2022-09-02 15:06:00,12306.5,12306.5,12306.5,12306.5,43762.0
2022-09-02 15:07:00,12307.25,12307.25,12307.25,12307.25,43855.0
2022-09-02 15:08:00,12305.75,12305.75,12305.75,12305.75,43999.0
2022-09-02 15:09:00,12307.75,12307.75,12307.75,12307.75,44099.0
2022-09-02 15:10:00,12308.5,12308.5,12308.5,12308.5,44397.0
2022-09-02 15:11:00,12303.0,12303.0,12303.0,12303.0,44893.0
2022-09-02 15:12:00,12291.75,12291.75,12291.75,12291.75,45462.0
2022-09-02 15:13:00,12290.0,12290.0,12290.0,12290.0,45768.0
2022-09-02 15:14:00,12287.25,12287.25,12287.25,12287.25,46096.0
2022-09-02 15:15:00,12288.25,12288.25,12288.25,12288.25,46489.0
2022-09-02 15:16:00,12286.25,12286.25,12286.25,12286.25,46728.0
2022-09-02 15:17:00,12283.5,12283.5,12283.5,12283.5,46869.0
2022-09-02 15:18:00,12277.25,12277.25,12277.25,12277.25,47148.0
2022-09-02 15:19:00,12276.0,12276.0,12276.0,12276.0,47376.0
2022-09-02 15:20:00,12277.75,12277.75,12277.75,12277.75,47617.0
2022-09-02 15:21:00,12279.75,12279.75,12279.75,12279.75,48013.0
2022-09-02 15:22:00,12284.5,12284.5,12284.5,12284.5,48244.0
2022-09-02 15:23:00,12277.25,12277.25,12277.25,12277.25,48494.0
2022-09-02 15:24:00,12269.75,12269.75,12269.75,12269.75,48808.0
2022-09-02 15:25:00,12266.0,12266.0,12266.0,12266.0,49095.0
2022-09-02 15:26:00,12263.75,12263.75,12263.75,12263.75,49322.0
2022-09-02 15:27:00,12263.5,12263.5,12263.5,12263.5,49505.0
2022-09-02 15:28:00,12265.5,12265.5,12265.5,12265.5,49639.0
2022-09-02 15:29:00,12260.0,12260.0,12260.0,12260.0,49867.0
2022-09-02 15:30:00,12262.25,12262.25,12262.25,12262.25,50043.0
2022-09-02 15:31:00,12272.25,12272.25,12272.25,12272.25,50294.0
2022-09-02 15:32:00,12273.5,12273.5,12273.5,12273.5,50507.0
2022-09-02 15:34:00,12278.5,12278.5,12278.5,12278.5,50856.0
2022-09-02 15:35:00,12280.5,12280.5,12280.5,12280.5,51082.0
2022-09-02 15:37:00,12279.0,12279.0,12279.0,12279.0,51467.0
2022-09-02 15:40:00,12280.75,12280.75,12280.75,12280.75,51896.0
2022-09-02 15:41:00,12283.0,12283.0,12283.0,12283.0,52261.0
2022-09-02 15:42:00,12280.0,12280.0,12280.0,12280.0,52420.0
2022-09-02 15:43:00,12276.75,12276.75,12276.75,12276.75,52645.0
2022-09-02 15:44:00,12271.5,12271.5,12271.5,12271.5,52787.0
2022-09-02 15:45:00,12265.75,12265.75,12265.75,12265.75,53114.0
2022-09-02 15:47:00,12268.25,12268.25,12268.25,12268.25,53257.0
2022-09-02 15:48:00,12265.5,12265.5,12265.5,12265.5,53370.0
2022-09-02 15:49:00,12265.0,12265.0,12265.0,12265.0,53449.0
2022-09-02 15:50:00,12267.75,12267.75,12267.75,12267.75,53557.0
2022-09-02 15:51:00,12271.25,12271.25,12271.25,12271.25,53729.0
2022-09-02 15:52:00,12272.5,12272.5,12272.5,12272.5,53842.0
2022-09-02 15:53:00,12278.0,12278.0,12278.0,12278.0,54119.0
2022-09-02 15:55:00,12279.5,12279.5,12279.5,12279.5,54571.0
2022-09-02 15:56:00,12278.25,12278.25,12278.25,12278.25,54661.0
2022-09-02 15:57:00,12270.75,12270.75,12270.75,12270.75,54759.0
2022-09-02 15:59:00,12277.25,12277.25,12277.25,12277.25,55031.0
2022-09-02 16:00:00,12277.75,12277.75,12277.75,12277.75,55129.0
2022-09-02 16:01:00,12277.25,12277.25,12277.25,12277.25,55184.0
2022-09-02 16:02:00,12274.75,12274.75,12274.75,12274.75,55256.0
2022-09-02 16:03:00,12277.0,12277.0,12277.0,12277.0,55353.0
2022-09-02 16:05:00,12281.0,12281.0,12281.0,12281.0,55497.0
2022-09-02 16:06:00,12275.0,12275.0,12275.0,12275.0,55663.0
2022-09-02 16:07:00,12273.0,12273.0,12273.0,12273.0,55725.0
2022-09-02 16:08:00,12273.25,12273.25,12273.25,12273.25,55802.0
2022-09-02 16:09:00,12278.25,12278.25,12278.25,12278.25,55866.0
2022-09-02 16:10:00,12275.75,12275.75,12275.75,12275.75,55961.0
2022-09-02 16:11:00,12279.75,12279.75,12279.75,12279.75,56173.0
2022-09-02 16:12:00,12282.5,12282.5,12282.5,12282.5,56259.0
2022-09-02 16:13:00,12290.0,12290.0,12290.0,12290.0,56507.0
2022-09-02 16:14:00,12291.25,12291.25,12291.25,12291.25,56748.0
2022-09-02 16:15:00,12290.25,12290.25,12290.25,12290.25,57008.0
2022-09-02 16:16:00,12295.0,12295.0,12295.0,12295.0,57165.0
2022-09-02 16:17:00,12291.75,12291.75,12291.75,12291.75,57284.0
2022-09-02 16:18:00,12294.0,12294.0,12294.0,12294.0,57340.0
2022-09-02 16:19:00,12293.75,12293.75,12293.75,12293.75,57431.0
2022-09-02 16:20:00,12295.5,12295.5,12295.5,12295.5,57541.0
2022-09-02 16:21:00,12296.5,12296.5,12296.5,12296.5,57648.0
2022-09-02 16:22:00,12296.0,12296.0,12296.0,12296.0,57736.0
2022-09-02 16:23:00,12293.75,12293.75,12293.75,12293.75,57868.0
2022-09-02 16:24:00,12293.75,12293.75,12293.75,12293.75,58001.0
2022-09-02 16:25:00,12295.0,12295.0,12295.0,12295.0,58148.0
2022-09-02 16:26:00,12297.5,12297.5,12297.5,12297.5,58262.0
2022-09-02 16:27:00,12296.75,12296.75,12296.75,12296.75,58357.0
2022-09-02 16:28:00,12301.25,12301.25,12301.25,12301.25,58535.0
2022-09-02 16:30:00,12299.5,12299.5,12299.5,12299.5,58799.0
2022-09-02 16:31:00,12303.75,12303.75,12303.75,12303.75,58950.0
2022-09-02 16:32:00,12303.0,12303.0,12303.0,12303.0,59152.0
2022-09-02 16:33:00,12294.25,12294.25,12294.25,12294.25,59428.0
2022-09-02 16:34:00,12294.25,12294.25,12294.25,12294.25,59610.0
2022-09-02 16:35:00,12294.75,12294.75,12294.75,12294.75,59794.0
2022-09-02 16:37:00,12292.25,12292.25,12292.25,12292.25,59934.0
2022-09-02 16:38:00,12299.5,12299.5,12299.5,12299.5,60065.0
2022-09-02 16:52:00,12306.0,12306.0,12306.0,12306.0,61734.0
2022-09-02 16:53:00,12307.0,12307.0,12307.0,12307.0,61837.0
2022-09-02 16:54:00,12303.75,12303.75,12303.75,12303.75,62064.0
2022-09-02 16:56:00,12297.75,12297.75,12297.75,12297.75,62400.0
2022-09-02 16:58:00,12296.5,12296.5,12296.5,12296.5,62637.0
2022-09-02 16:59:00,12301.5,12301.5,12301.5,12301.5,63064.0
2022-09-02 17:00:00,12303.75,12303.75,12303.75,12303.75,63356.0
2022-09-02 17:01:00,12311.25,12311.25,12311.25,12311.25,63597.0
2022-09-02 17:03:00,12310.0,12310.0,12310.0,12310.0,63846.0
2022-09-02 17:04:00,12310.75,12310.75,12310.75,12310.75,63979.0
2022-09-02 17:05:00,12304.0,12304.0,12304.0,12304.0,64110.0
2022-09-02 17:06:00,12297.5,12297.5,12297.5,12297.5,64434.0
2022-09-02 17:07:00,12302.0,12302.0,12302.0,12302.0,64529.0
2022-09-02 17:08:00,12301.25,12301.25,12301.25,12301.25,64618.0
2022-09-02 17:09:00,12304.75,12304.75,12304.75,12304.75,64694.0
2022-09-02 17:10:00,12301.0,12301.0,12301.0,12301.0,64829.0
2022-09-02 17:11:00,12297.0,12297.0,12297.0,12297.0,64954.0
2022-09-02 17:13:00,12297.5,12297.5,12297.5,12297.5,65135.0
2022-09-02 17:14:00,12295.75,12295.75,12295.75,12295.75,65202.0
2022-09-02 17:15:00,12294.5,12294.5,12294.5,12294.5,65304.0
2022-09-02 17:16:00,12294.5,12294.5,12294.5,12294.5,65354.0
2022-09-02 17:17:00,12294.5,12294.5,12294.5,12294.5,65424.0
2022-09-02 17:18:00,12295.25,12295.25,12295.25,12295.25,65541.0
2022-09-02 17:19:00,12296.75,12296.75,12296.75,12296.75,65695.0
2022-09-02 17:20:00,12294.0,12294.0,12294.0,12294.0,65866.0
2022-09-02 17:21:00,12296.0,12296.0,12296.0,12296.0,65928.0
2022-09-02 17:22:00,12297.5,12297.5,12297.5,12297.5,65977.0
2022-09-02 17:23:00,12296.75,12296.75,12296.75,12296.75,66038.0
2022-09-02 17:24:00,12294.5,12294.5,12294.5,12294.5,66083.0
2022-09-02 17:25:00,12292.5,12292.5,12292.5,12292.5,66143.0
2022-09-02 17:26:00,12294.75,12294.75,12294.75,12294.75,66227.0
2022-09-02 17:27:00,12294.25,12294.25,12294.25,12294.25,66255.0
2022-09-02 17:28:00,12291.5,12291.5,12291.5,12291.5,66300.0
2022-09-02 17:29:00,12290.75,12290.75,12290.75,12290.75,66366.0
2022-09-02 17:30:00,12289.25,12289.25,12289.25,12289.25,66565.0
2022-09-02 17:31:00,12289.0,12289.0,12289.0,12289.0,66656.0
2022-09-02 17:32:00,12288.0,12288.0,12288.0,12288.0,66715.0
2022-09-02 17:33:00,12287.0,12287.0,12287.0,12287.0,66805.0
2022-09-02 17:34:00,12285.75,12285.75,12285.75,12285.75,66868.0
2022-09-02 17:35:00,12283.75,12283.75,12283.75,12283.75,66996.0
2022-09-02 17:36:00,12287.5,12287.5,12287.5,12287.5,67093.0
2022-09-02 17:37:00,12285.0,12285.0,12285.0,12285.0,67148.0
2022-09-02 17:38:00,12291.5,12291.5,12291.5,12291.5,67236.0
2022-09-02 17:39:00,12292.25,12292.25,12292.25,12292.25,67383.0
2022-09-02 17:40:00,12290.75,12290.75,12290.75,12290.75,67723.0
2022-09-02 17:41:00,12289.0,12289.0,12289.0,12289.0,67780.0
2022-09-02 17:42:00,12285.5,12285.5,12285.5,12285.5,67840.0
2022-09-02 17:43:00,12286.75,12286.75,12286.75,12286.75,67895.0
2022-09-02 17:44:00,12283.5,12283.5,12283.5,12283.5,68013.0
2022-09-02 17:45:00,12278.0,12278.0,12278.0,12278.0,68235.0
2022-09-02 17:46:00,12275.0,12275.0,12275.0,12275.0,68523.0
2022-09-02 17:47:00,12278.25,12278.25,12278.25,12278.25,68617.0
2022-09-02 17:48:00,12276.75,12276.75,12276.75,12276.75,68686.0
2022-09-02 17:49:00,12276.5,12276.5,12276.5,12276.5,68745.0
2022-09-02 17:50:00,12279.0,12279.0,12279.0,12279.0,68794.0
2022-09-02 17:51:00,12279.5,12279.5,12279.5,12279.5,68874.0
2022-09-02 17:52:00,12281.0,12281.0,12281.0,12281.0,68937.0
2022-09-02 17:53:00,12275.0,12275.0,12275.0,12275.0,69040.0
2022-09-02 17:54:00,12274.75,12274.75,12274.75,12274.75,69096.0
2022-09-02 17:55:00,12278.0,12278.0,12278.0,12278.0,69167.0
2022-09-02 17:56:00,12280.5,12280.5,12280.5,12280.5,69229.0
2022-09-02 17:58:00,12282.0,12282.0,12282.0,12282.0,69343.0
2022-09-02 17:59:00,12279.5,12279.5,12279.5,12279.5,69477.0
2022-09-02 18:00:00,12281.0,12281.0,12281.0,12281.0,69524.0
2022-09-02 18:01:00,12283.5,12283.5,12283.5,12283.5,69556.0
2022-09-02 18:02:00,12284.0,12284.0,12284.0,12284.0,69622.0
2022-09-02 18:03:00,12284.5,12284.5,12284.5,12284.5,69679.0
2022-09-02 18:04:00,12286.0,12286.0,12286.0,12286.0,69722.0
2022-09-02 18:05:00,12282.5,12282.5,12282.5,12282.5,69786.0
2022-09-02 18:06:00,12286.25,12286.25,12286.25,12286.25,69839.0
2022-09-02 18:07:00,12286.0,12286.0,12286.0,12286.0,69892.0
2022-09-02 18:08:00,12288.0,12288.0,12288.0,12288.0,69995.0
2022-09-02 18:09:00,12288.25,12288.25,12288.25,12288.25,70045.0
2022-09-02 18:10:00,12288.25,12288.25,12288.25,12288.25,70116.0
2022-09-02 18:11:00,12288.25,12288.25,12288.25,12288.25,70204.0
2022-09-02 18:12:00,12291.25,12291.25,12291.25,12291.25,70389.0
2022-09-02 18:13:00,12290.25,12290.25,12290.25,12290.25,70461.0
2022-09-02 18:14:00,12291.75,12291.75,12291.75,12291.75,70535.0
2022-09-02 18:15:00,12290.25,12290.25,12290.25,12290.25,70607.0
2022-09-02 18:16:00,12286.25,12286.25,12286.25,12286.25,70678.0
2022-09-02 18:17:00,12280.5,12280.5,12280.5,12280.5,70846.0
2022-09-02 18:18:00,12276.25,12276.25,12276.25,12276.25,71012.0
2022-09-02 18:19:00,12274.0,12274.0,12274.0,12274.0,71196.0
2022-09-02 18:20:00,12272.75,12272.75,12272.75,12272.75,71326.0
2022-09-02 18:21:00,12273.75,12273.75,12273.75,12273.75,71497.0
2022-09-02 18:22:00,12277.5,12277.5,12277.5,12277.5,71618.0
2022-09-02 18:24:00,12276.75,12276.75,12276.75,12276.75,71707.0
2022-09-02 18:26:00,12271.25,12271.25,12271.25,12271.25,71886.0
2022-09-02 18:29:00,12264.75,12264.75,12264.75,12264.75,72549.0
2022-09-02 18:30:00,12266.5,12266.5,12266.5,12266.5,72698.0
2022-09-02 18:31:00,12265.5,12265.5,12265.5,12265.5,72791.0
2022-09-02 18:32:00,12263.0,12263.0,12263.0,12263.0,72944.0
2022-09-02 18:33:00,12259.75,12259.75,12259.75,12259.75,73348.0
2022-09-02 18:35:00,12261.5,12261.5,12261.5,12261.5,73613.0
2022-09-02 18:36:00,12256.5,12256.5,12256.5,12256.5,73759.0
2022-09-02 18:37:00,12258.5,12258.5,12258.5,12258.5,73869.0
2022-09-02 18:38:00,12255.5,12255.5,12255.5,12255.5,73977.0
2022-09-02 18:39:00,12255.75,12255.75,12255.75,12255.75,74043.0
2022-09-02 18:40:00,12252.0,12252.0,12252.0,12252.0,74229.0
2022-09-02 18:41:00,12250.25,12250.25,12250.25,12250.25,74468.0
2022-09-02 18:43:00,12247.75,12247.75,12247.75,12247.75,75121.0
2022-09-02 18:44:00,12248.25,12248.25,12248.25,12248.25,75296.0
2022-09-02 18:45:00,12249.25,12249.25,12249.25,12249.25,75413.0
2022-09-02 18:46:00,12250.25,12250.25,12250.25,12250.25,75661.0
2022-09-02 18:47:00,12253.5,12253.5,12253.5,12253.5,75837.0
2022-09-02 18:48:00,12253.75,12253.75,12253.75,12253.75,76009.0
2022-09-02 18:50:00,12254.5,12254.5,12254.5,12254.5,76243.0
2022-09-02 18:51:00,12255.0,12255.0,12255.0,12255.0,76527.0
2022-09-02 18:58:00,12249.0,12249.0,12249.0,12249.0,77488.0
2022-09-02 18:59:00,12254.0,12254.0,12254.0,12254.0,77583.0
2022-09-02 19:00:00,12250.0,12250.0,12250.0,12250.0,77769.0
2022-09-02 19:01:00,12248.75,12248.75,12248.75,12248.75,77882.0
2022-09-02 19:02:00,12253.0,12253.0,12253.0,12253.0,77966.0
2022-09-02 19:03:00,12255.75,12255.75,12255.75,12255.75,78052.0
2022-09-02 19:04:00,12254.5,12254.5,12254.5,12254.5,78162.0
2022-09-02 19:05:00,12255.0,12255.0,12255.0,12255.0,78270.0
2022-09-02 19:07:00,12257.25,12257.25,12257.25,12257.25,78519.0
2022-09-02 19:08:00,12260.25,12260.25,12260.25,12260.25,78699.0
2022-09-02 19:09:00,12261.5,12261.5,12261.5,12261.5,78817.0
2022-09-02 19:10:00,12262.75,12262.75,12262.75,12262.75,78988.0
2022-09-02 19:11:00,12262.0,12262.0,12262.0,12262.0,79356.0
2022-09-02 19:12:00,12262.25,12262.25,12262.25,12262.25,79479.0
2022-09-02 19:13:00,12262.75,12262.75,12262.75,12262.75,79531.0
2022-09-02 19:14:00,12260.25,12260.25,12260.25,12260.25,79660.0
2022-09-02 19:15:00,12254.5,12254.5,12254.5,12254.5,79811.0
2022-09-02 19:16:00,12257.0,12257.0,12257.0,12257.0,79983.0
2022-09-02 19:17:00,12262.75,12262.75,12262.75,12262.75,80234.0
2022-09-02 19:18:00,12256.5,12256.5,12256.5,12256.5,80308.0
2022-09-02 19:19:00,12259.25,12259.25,12259.25,12259.25,80452.0
2022-09-02 19:20:00,12260.75,12260.75,12260.75,12260.75,80527.0
2022-09-02 19:21:00,12258.25,12258.25,12258.25,12258.25,80646.0
2022-09-02 19:22:00,12246.25,12246.25,12246.25,12246.25,81258.0
2022-09-02 19:23:00,12246.75,12246.75,12246.75,12246.75,81554.0
2022-09-02 19:24:00,12249.5,12249.5,12249.5,12249.5,81793.0
2022-09-02 19:26:00,12257.0,12257.0,12257.0,12257.0,82045.0
2022-09-02 19:27:00,12261.25,12261.25,12261.25,12261.25,82286.0
2022-09-02 19:29:00,12259.75,12259.75,12259.75,12259.75,82406.0
2022-09-02 19:30:00,12258.75,12258.75,12258.75,12258.75,82561.0
2022-09-02 19:31:00,12257.75,12257.75,12257.75,12257.75,82580.0
2022-09-02 19:51:00,12273.25,12273.25,12273.25,12273.25,85493.0
2022-09-02 19:53:00,12276.0,12276.0,12276.0,12276.0,85869.0
2022-09-02 19:54:00,12278.25,12278.25,12278.25,12278.25,85980.0
2022-09-02 19:58:00,12280.75,12280.75,12280.75,12280.75,86727.0
2022-09-02 19:59:00,12282.75,12282.75,12282.75,12282.75,86887.0
2022-09-02 20:00:00,12281.0,12281.0,12281.0,12281.0,87006.0
2022-09-02 20:01:00,12281.75,12281.75,12281.75,12281.75,87076.0
2022-09-02 20:02:00,12284.75,12284.75,12284.75,12284.75,87225.0
2022-09-02 20:03:00,12282.5,12282.5,12282.5,12282.5,87339.0
2022-09-02 20:04:00,12282.5,12282.5,12282.5,12282.5,87596.0
2022-09-02 20:07:00,12276.5,12276.5,12276.5,12276.5,87875.0
2022-09-02 20:08:00,12275.0,12275.0,12275.0,12275.0,88090.0
2022-09-02 20:09:00,12277.25,12277.25,12277.25,12277.25,88208.0
2022-09-02 20:10:00,12277.75,12277.75,12277.75,12277.75,88356.0
2022-09-02 20:11:00,12279.25,12279.25,12279.25,12279.25,88498.0
2022-09-02 20:12:00,12277.75,12277.75,12277.75,12277.75,88717.0
2022-09-02 20:13:00,12279.0,12279.0,12279.0,12279.0,88866.0
2022-09-02 20:14:00,12274.5,12274.5,12274.5,12274.5,89033.0
2022-09-02 20:15:00,12276.5,12276.5,12276.5,12276.5,89165.0
2022-09-02 20:16:00,12277.75,12277.75,12277.75,12277.75,89246.0
2022-09-02 20:17:00,12279.75,12279.75,12279.75,12279.75,89387.0
2022-09-02 20:18:00,12282.0,12282.0,12282.0,12282.0,89550.0
2022-09-02 20:19:00,12279.75,12279.75,12279.75,12279.75,89694.0
2022-09-02 20:20:00,12276.0,12276.0,12276.0,12276.0,89897.0
2022-09-02 20:21:00,12279.75,12279.75,12279.75,12279.75,90086.0
2022-09-02 20:22:00,12274.75,12274.75,12274.75,12274.75,90248.0
2022-09-02 20:23:00,12272.25,12272.25,12272.25,12272.25,90525.0
2022-09-02 20:24:00,12267.5,12267.5,12267.5,12267.5,90764.0
2022-09-02 20:25:00,12270.0,12270.0,12270.0,12270.0,90931.0
2022-09-02 20:26:00,12268.75,12268.75,12268.75,12268.75,91205.0
2022-09-02 20:27:00,12268.25,12268.25,12268.25,12268.25,91448.0
2022-09-02 20:28:00,12266.0,12266.0,12266.0,12266.0,91663.0
2022-09-02 20:29:00,12271.0,12271.0,12271.0,12271.0,91853.0
2022-09-02 20:30:00,12275.75,12275.75,12275.75,12275.75,92101.0
2022-09-02 20:31:00,12285.25,12285.25,12285.25,12285.25,92412.0
2022-09-02 20:32:00,12281.0,12281.0,12281.0,12281.0,92665.0
2022-09-02 20:33:00,12286.5,12286.5,12286.5,12286.5,93031.0
2022-09-02 20:34:00,12294.75,12294.75,12294.75,12294.75,93692.0
2022-09-02 20:35:00,12290.5,12290.5,12290.5,12290.5,94153.0
2022-09-02 20:36:00,12289.5,12289.5,12289.5,12289.5,94430.0
2022-09-02 20:37:00,12292.5,12292.5,12292.5,12292.5,94657.0
2022-09-02 20:38:00,12288.5,12288.5,12288.5,12288.5,94945.0
2022-09-02 20:39:00,12283.25,12283.25,12283.25,12283.25,95198.0
2022-09-02 20:40:00,12315.0,12315.0,12315.0,12315.0,98125.0
2022-09-02 20:41:00,12358.0,12358.0,12358.0,12358.0,102985.0
2022-09-02 20:42:00,12362.0,12362.0,12362.0,12362.0,105881.0
2022-09-02 20:43:00,12384.5,12384.5,12384.5,12384.5,108188.0
2022-09-02 20:44:00,12377.5,12377.5,12377.5,12377.5,110477.0
2022-09-02 20:45:00,12372.25,12372.25,12372.25,12372.25,112224.0
2022-09-02 20:46:00,12381.75,12381.75,12381.75,12381.75,113723.0
2022-09-02 20:47:00,12391.25,12391.25,12391.25,12391.25,115485.0
2022-09-02 20:48:00,12391.25,12391.25,12391.25,12391.25,117150.0
2022-09-02 20:49:00,12395.5,12395.5,12395.5,12395.5,118374.0
2022-09-02 20:50:00,12390.25,12390.25,12390.25,12390.25,119511.0
2022-09-02 20:51:00,12369.75,12369.75,12369.75,12369.75,120976.0
2022-09-02 20:52:00,12366.5,12366.5,12366.5,12366.5,122203.0
2022-09-02 20:53:00,12352.5,12352.5,12352.5,12352.5,123345.0
2022-09-02 20:54:00,12341.75,12341.75,12341.75,12341.75,124930.0
2022-09-02 20:55:00,12336.0,12336.0,12336.0,12336.0,126353.0
2022-09-02 20:56:00,12333.0,12333.0,12333.0,12333.0,127484.0
2022-09-02 20:57:00,12302.5,12302.5,12302.5,12302.5,129442.0
2022-09-02 20:58:00,12327.5,12327.5,12327.5,12327.5,131112.0
2022-09-02 21:00:00,12340.75,12340.75,12340.75,12340.75,133845.0
2022-09-02 21:01:00,12348.75,12348.75,12348.75,12348.75,134920.0
2022-09-02 21:03:00,12351.25,12351.25,12351.25,12351.25,136692.0
2022-09-02 21:05:00,12361.25,12361.25,12361.25,12361.25,138382.0
2022-09-02 21:06:00,12356.0,12356.0,12356.0,12356.0,139535.0
2022-09-02 21:07:00,12354.0,12354.0,12354.0,12354.0,140083.0
2022-09-02 21:25:00,12387.5,12387.5,12387.5,12387.5,153952.0
2022-09-02 21:26:00,12388.75,12388.75,12388.75,12388.75,154386.0
2022-09-02 21:27:00,12392.75,12392.75,12392.75,12392.75,154788.0
2022-09-02 21:28:00,12395.5,12395.5,12395.5,12395.5,155256.0
2022-09-02 21:29:00,12398.75,12398.75,12398.75,12398.75,155796.0
2022-09-02 21:30:00,12404.75,12404.75,12404.75,12404.75,157488.0
2022-09-02 21:31:00,12408.75,12408.75,12408.75,12408.75,158346.0
2022-09-02 21:32:00,12417.0,12417.0,12417.0,12417.0,159520.0
2022-09-02 21:33:00,12416.5,12416.5,12416.5,12416.5,160069.0
2022-09-02 21:34:00,12407.0,12407.0,12407.0,12407.0,160814.0
2022-09-02 21:35:00,12402.0,12402.0,12402.0,12402.0,161627.0
2022-09-02 21:36:00,12403.25,12403.25,12403.25,12403.25,162164.0
2022-09-02 21:37:00,12400.75,12400.75,12400.75,12400.75,162769.0
2022-09-02 21:38:00,12402.0,12402.0,12402.0,12402.0,163660.0
2022-09-02 21:39:00,12404.0,12404.0,12404.0,12404.0,164347.0
2022-09-02 21:40:00,12376.75,12376.75,12376.75,12376.75,169973.0
2022-09-02 21:41:00,12359.25,12359.25,12359.25,12359.25,173597.0
2022-09-02 21:42:00,12347.0,12347.0,12347.0,12347.0,176129.0
2022-09-02 21:43:00,12338.25,12338.25,12338.25,12338.25,178821.0
2022-09-02 21:44:00,12332.25,12332.25,12332.25,12332.25,181210.0
2022-09-02 21:45:00,12340.75,12340.75,12340.75,12340.75,184975.0
2022-09-02 21:46:00,12335.5,12335.5,12335.5,12335.5,187466.0
2022-09-02 21:47:00,12339.5,12339.5,12339.5,12339.5,190050.0
2022-09-02 21:48:00,12336.75,12336.75,12336.75,12336.75,192332.0
2022-09-02 21:49:00,12357.0,12357.0,12357.0,12357.0,194707.0
2022-09-02 21:50:00,12325.0,12325.0,12325.0,12325.0,197645.0
2022-09-02 21:53:00,12302.0,12302.0,12302.0,12302.0,205198.0
2022-09-02 21:55:00,12309.5,12309.5,12309.5,12309.5,211070.0
2022-09-02 21:56:00,12312.75,12312.75,12312.75,12312.75,213269.0
2022-09-02 21:57:00,12325.5,12325.5,12325.5,12325.5,215595.0
2022-09-02 21:58:00,12309.0,12309.0,12309.0,12309.0,217200.0
2022-09-02 21:59:00,12325.25,12325.25,12325.25,12325.25,219474.0
2022-09-02 22:00:00,12342.25,12342.25,12342.25,12342.25,222038.0
2022-09-02 22:02:00,12353.75,12353.75,12353.75,12353.75,225807.0
2022-09-02 22:03:00,12337.5,12337.5,12337.5,12337.5,227909.0
2022-09-02 22:04:00,12344.5,12344.5,12344.5,12344.5,229767.0
2022-09-02 22:06:00,12340.75,12340.75,12340.75,12340.75,232467.0
2022-09-02 22:07:00,12326.5,12326.5,12326.5,12326.5,234929.0
2022-09-02 22:08:00,12322.75,12322.75,12322.75,12322.75,236715.0
2022-09-02 22:09:00,12315.75,12315.75,12315.75,12315.75,237762.0
2022-09-02 22:10:00,12319.0,12319.0,12319.0,12319.0,239238.0
2022-09-02 22:11:00,12282.0,12282.0,12282.0,12282.0,242810.0
2022-09-02 22:12:00,12288.0,12288.0,12288.0,12288.0,245237.0
2022-09-02 22:13:00,12283.0,12283.0,12283.0,12283.0,246812.0
2022-09-02 22:14:00,12283.25,12283.25,12283.25,12283.25,248226.0
2022-09-02 22:15:00,12284.25,12284.25,12284.25,12284.25,250380.0
2022-09-02 22:16:00,12281.5,12281.5,12281.5,12281.5,251954.0
2022-09-02 22:17:00,12298.0,12298.0,12298.0,12298.0,255161.0
2022-09-02 22:22:00,12345.75,12345.75,12345.75,12345.75,263780.0
2022-09-02 22:29:00,12379.25,12379.25,12379.25,12379.25,280075.0
2022-09-02 22:30:00,12367.25,12367.25,12367.25,12367.25,281496.0
2022-09-02 22:31:00,12372.75,12372.75,12372.75,12372.75,283348.0
2022-09-02 22:32:00,12375.5,12375.5,12375.5,12375.5,284805.0
2022-09-02 22:33:00,12377.0,12377.0,12377.0,12377.0,286632.0
2022-09-02 22:34:00,12387.0,12387.0,12387.0,12387.0,288197.0
2022-09-02 22:35:00,12381.0,12381.0,12381.0,12381.0,289540.0
2022-09-02 22:36:00,12393.75,12393.75,12393.75,12393.75,291402.0
2022-09-02 22:37:00,12392.75,12392.75,12392.75,12392.75,293281.0
2022-09-02 22:38:00,12399.75,12399.75,12399.75,12399.75,294763.0
2022-09-02 22:39:00,12397.25,12397.25,12397.25,12397.25,295809.0
2022-09-02 22:40:00,12412.5,12412.5,12412.5,12412.5,297898.0
2022-09-02 22:41:00,12427.0,12427.0,12427.0,12427.0,301159.0
2022-09-02 22:42:00,12428.75,12428.75,12428.75,12428.75,303431.0
2022-09-02 22:43:00,12430.75,12430.75,12430.75,12430.75,305683.0
2022-09-02 22:44:00,12427.75,12427.75,12427.75,12427.75,308102.0
2022-09-02 22:45:00,12434.5,12434.5,12434.5,12434.5,309720.0
2022-09-02 22:46:00,12439.25,12439.25,12439.25,12439.25,311414.0
2022-09-02 22:51:00,12456.75,12456.75,12456.75,12456.75,322130.0
2022-09-02 22:53:00,12449.25,12449.25,12449.25,12449.25,326732.0
2022-09-02 22:55:00,12440.25,12440.25,12440.25,12440.25,330960.0
2022-09-02 22:56:00,12440.75,12440.75,12440.75,12440.75,332757.0
2022-09-02 22:57:00,12442.75,12442.75,12442.75,12442.75,334320.0
2022-09-02 22:58:00,12434.75,12434.75,12434.75,12434.75,335787.0
2022-09-02 22:59:00,12432.5,12432.5,12432.5,12432.5,337480.0
2022-09-02 23:00:00,12441.5,12441.5,12441.5,12441.5,339263.0
2022-09-02 23:01:00,12440.0,12440.0,12440.0,12440.0,340583.0
2022-09-02 23:02:00,12407.75,12407.75,12407.75,12407.75,344217.0
2022-09-02 23:03:00,12399.75,12399.75,12399.75,12399.75,347328.0
2022-09-02 23:04:00,12393.0,12393.0,12393.0,12393.0,349780.0
2022-09-02 23:05:00,12385.25,12385.25,12385.25,12385.25,352764.0
2022-09-02 23:06:00,12376.25,12376.25,12376.25,12376.25,356929.0
2022-09-02 23:07:00,12384.5,12384.5,12384.5,12384.5,359138.0
2022-09-02 23:11:00,12398.75,12398.75,12398.75,12398.75,365617.0
2022-09-02 23:13:00,12408.0,12408.0,12408.0,12408.0,368840.0
2022-09-02 23:14:00,12415.5,12415.5,12415.5,12415.5,370835.0
2022-09-02 23:17:00,12416.0,12416.0,12416.0,12416.0,375034.0
2022-09-02 23:18:00,12410.25,12410.25,12410.25,12410.25,375742.0
2022-09-02 23:20:00,12404.25,12404.25,12404.25,12404.25,380976.0
2022-09-02 23:21:00,12409.0,12409.0,12409.0,12409.0,382321.0
2022-09-02 23:22:00,12407.0,12407.0,12407.0,12407.0,384661.0
2022-09-02 23:24:00,12411.25,12411.25,12411.25,12411.25,386614.0
2022-09-02 23:26:00,12414.25,12414.25,12414.25,12414.25,387993.0
2022-09-02 23:27:00,12398.25,12398.25,12398.25,12398.25,389408.0
2022-09-02 23:28:00,12410.0,12410.0,12410.0,12410.0,390483.0
2022-09-02 23:29:00,12413.5,12413.5,12413.5,12413.5,391499.0
2022-09-02 23:30:00,12423.75,12423.75,12423.75,12423.75,392942.0
2022-09-02 23:31:00,12423.5,12423.5,12423.5,12423.5,394560.0
2022-09-02 23:32:00,12417.75,12417.75,12417.75,12417.75,395542.0
2022-09-02 23:33:00,12425.75,12425.75,12425.75,12425.75,396369.0
2022-09-02 23:34:00,12423.5,12423.5,12423.5,12423.5,397565.0
2022-09-02 23:35:00,12418.75,12418.75,12418.75,12418.75,398340.0
2022-09-02 23:36:00,12410.5,12410.5,12410.5,12410.5,399617.0
2022-09-02 23:37:00,12411.25,12411.25,12411.25,12411.25,400781.0
2022-09-02 23:38:00,12411.75,12411.75,12411.75,12411.75,401584.0
2022-09-02 23:39:00,12421.0,12421.0,12421.0,12421.0,402464.0
2022-09-02 23:40:00,12415.75,12415.75,12415.75,12415.75,403415.0
2022-09-02 23:41:00,12425.75,12425.75,12425.75,12425.75,404315.0
2022-09-02 23:42:00,12422.5,12422.5,12422.5,12422.5,405883.0
2022-09-02 23:43:00,12403.75,12403.75,12403.75,12403.75,408141.0
2022-09-02 23:44:00,12412.5,12412.5,12412.5,12412.5,409105.0
2022-09-02 23:45:00,12405.5,12405.5,12405.5,12405.5,410075.0
2022-09-02 23:46:00,12405.0,12405.0,12405.0,12405.0,410495.0
2022-09-02 23:47:00,12416.75,12416.75,12416.75,12416.75,412645.0
2022-09-02 23:48:00,12420.75,12420.75,12420.75,12420.75,413377.0
2022-09-02 23:50:00,12418.0,12418.0,12418.0,12418.0,415061.0
2022-09-02 23:51:00,12408.0,12408.0,12408.0,12408.0,415980.0
2022-09-02 23:52:00,12391.75,12391.75,12391.75,12391.75,417723.0
2022-09-02 23:53:00,12388.25,12388.25,12388.25,12388.25,419509.0
